[15:40:42] [Server thread/INFO]: Starting minecraft server version 1.12
[15:40:42] [Server thread/INFO]: Loading properties
[15:40:42] [Server thread/INFO]: Default game type: CREATIVE
[15:40:42] [Server thread/INFO]: Generating keypair
[15:40:42] [Server thread/INFO]: Starting Minecraft server on *:25565
[15:40:42] [Server thread/INFO]: Using default channel type
[15:40:43] [Server thread/INFO]: This server is running CraftBukkit version git-Bukkit-ed8c725 (MC: 1.12) (Implementing API version 1.12-R0.1-SNAPSHOT)
[15:40:43] [Server thread/INFO]: [RaspberryJuice] Loading RaspberryJuice v1.10
[15:40:43] [Server thread/WARN]: **** SERVER IS RUNNING IN OFFLINE/INSECURE MODE!
[15:40:43] [Server thread/WARN]: The server will make no attempt to authenticate usernames. Beware.
[15:40:43] [Server thread/WARN]: While this makes the game possible to play without internet access, it also opens up the ability for hackers to connect with any username they choose.
[15:40:43] [Server thread/WARN]: To change this, set "online-mode" to "true" in the server.properties file.
[15:40:43] [Server thread/INFO]: Preparing level "world"
[15:40:43] [Server thread/INFO]: Preparing start region for level 0 (Seed: 9163603543718235335)
[15:40:44] [Server thread/INFO]: Preparing spawn area: 28%
[15:40:45] [Server thread/INFO]: Preparing spawn area: 77%
[15:40:45] [Server thread/INFO]: Preparing start region for level 1 (Seed: 9163603543718235335)
[15:40:46] [Server thread/INFO]: Preparing spawn area: 61%
[15:40:47] [Server thread/INFO]: Preparing start region for level 2 (Seed: 9163603543718235335)
[15:40:47] [Server thread/INFO]: [RaspberryJuice] Enabling RaspberryJuice v1.10
[15:40:47] [Server thread/INFO]: [RaspberryJuice] Using port 4711
[15:40:47] [Server thread/INFO]: [RaspberryJuice] Using ABSOLUTE locations
[15:40:47] [Server thread/INFO]: [RaspberryJuice] Using BOTH clicks for hits
[15:40:47] [Server thread/INFO]: [RaspberryJuice] ThreadListener Started
[15:40:47] [Server thread/INFO]: Server permissions file permissions.yml is empty, ignoring it
[15:40:47] [Server thread/INFO]: Done (4,653s)! For help, type "help" or "?"
[15:44:35] [Thread-7/INFO]: [RaspberryJuice] Starting input thread
[15:44:35] [Thread-5/INFO]: [RaspberryJuice] Opened connection to/127.0.0.1:57588.
[15:44:35] [Thread-8/INFO]: [RaspberryJuice] Starting output thread!
[15:44:36] [Thread-5/INFO]: [RaspberryJuice] Opened connection to/127.0.0.1:57589.
[15:44:36] [Thread-9/INFO]: [RaspberryJuice] Starting input thread
[15:44:36] [Thread-10/INFO]: [RaspberryJuice] Starting output thread!
[15:45:47] [Server thread/WARN]: The save is being accessed from another location, aborting
[15:45:47] [Server thread/WARN]: The save is being accessed from another location, aborting
[15:45:47] [Server thread/WARN]: The save is being accessed from another location, aborting
[15:47:34] [Thread-7/INFO]: [RaspberryJuice] Connection reset
[15:47:34] [Thread-9/INFO]: [RaspberryJuice] Connection reset
[15:47:34] [Server thread/INFO]: [RaspberryJuice] Closed connection to/127.0.0.1:57588.
[15:47:34] [Server thread/INFO]: [RaspberryJuice] Closed connection to/127.0.0.1:57589.
[15:50:47] [Server thread/WARN]: The save is being accessed from another location, aborting
[15:50:47] [Server thread/WARN]: The save is being accessed from another location, aborting
[15:50:47] [Server thread/WARN]: The save is being accessed from another location, aborting
[15:55:47] [Server thread/WARN]: The save is being accessed from another location, aborting
[15:55:47] [Server thread/WARN]: The save is being accessed from another location, aborting
[15:55:47] [Server thread/WARN]: The save is being accessed from another location, aborting
[16:00:47] [Server thread/WARN]: The save is being accessed from another location, aborting
[16:00:47] [Server thread/WARN]: The save is being accessed from another location, aborting
[16:00:47] [Server thread/WARN]: The save is being accessed from another location, aborting
[16:05:47] [Server thread/WARN]: The save is being accessed from another location, aborting
[16:05:47] [Server thread/WARN]: The save is being accessed from another location, aborting
[16:05:47] [Server thread/WARN]: The save is being accessed from another location, aborting
[16:10:47] [Server thread/WARN]: The save is being accessed from another location, aborting
[16:10:47] [Server thread/WARN]: The save is being accessed from another location, aborting
[16:10:47] [Server thread/WARN]: The save is being accessed from another location, aborting
[16:15:47] [Server thread/WARN]: The save is being accessed from another location, aborting
[16:15:47] [Server thread/WARN]: The save is being accessed from another location, aborting
[16:15:47] [Server thread/WARN]: The save is being accessed from another location, aborting
[16:20:47] [Server thread/WARN]: The save is being accessed from another location, aborting
[16:20:47] [Server thread/WARN]: The save is being accessed from another location, aborting
[16:20:47] [Server thread/WARN]: The save is being accessed from another location, aborting
[16:21:07] [Thread-5/INFO]: [RaspberryJuice] Opened connection to/127.0.0.1:58954.
[16:21:07] [Thread-12/INFO]: [RaspberryJuice] Starting output thread!
[16:21:07] [Thread-11/INFO]: [RaspberryJuice] Starting input thread
[16:21:07] [Thread-5/INFO]: [RaspberryJuice] Opened connection to/127.0.0.1:58955.
[16:21:07] [Thread-14/INFO]: [RaspberryJuice] Starting output thread!
[16:21:07] [Thread-13/INFO]: [RaspberryJuice] Starting input thread
[16:21:15] [Server thread/INFO]: Fortcraft354[/127.0.0.1:59044] logged in with entity id 24 at ([world]-482.3738047124811, 80.66986034128053, -498.9442801832565)
[16:21:21] [Server thread/ERROR]: Couldn't save chunk; already in use by another instance of Minecraft?
net.minecraft.server.v1_12_R1.ExceptionWorldConflict: The save is being accessed from another location, aborting
	at net.minecraft.server.v1_12_R1.WorldNBTStorage.checkSession(WorldNBTStorage.java:78) ~[craftbukkit.jar:git-Bukkit-ed8c725]
	at net.minecraft.server.v1_12_R1.World.checkSession(World.java:2692) ~[craftbukkit.jar:git-Bukkit-ed8c725]
	at net.minecraft.server.v1_12_R1.ChunkRegionLoader.a(ChunkRegionLoader.java:118) ~[craftbukkit.jar:git-Bukkit-ed8c725]
	at net.minecraft.server.v1_12_R1.ChunkProviderServer.saveChunk(ChunkProviderServer.java:207) [craftbukkit.jar:git-Bukkit-ed8c725]
	at net.minecraft.server.v1_12_R1.ChunkProviderServer.unloadChunk(ChunkProviderServer.java:299) [craftbukkit.jar:git-Bukkit-ed8c725]
	at net.minecraft.server.v1_12_R1.ChunkProviderServer.unloadChunks(ChunkProviderServer.java:257) [craftbukkit.jar:git-Bukkit-ed8c725]
	at net.minecraft.server.v1_12_R1.WorldServer.doTick(WorldServer.java:242) [craftbukkit.jar:git-Bukkit-ed8c725]
	at net.minecraft.server.v1_12_R1.MinecraftServer.D(MinecraftServer.java:739) [craftbukkit.jar:git-Bukkit-ed8c725]
	at net.minecraft.server.v1_12_R1.DedicatedServer.D(DedicatedServer.java:366) [craftbukkit.jar:git-Bukkit-ed8c725]
	at net.minecraft.server.v1_12_R1.MinecraftServer.C(MinecraftServer.java:650) [craftbukkit.jar:git-Bukkit-ed8c725]
	at net.minecraft.server.v1_12_R1.MinecraftServer.run(MinecraftServer.java:554) [craftbukkit.jar:git-Bukkit-ed8c725]
	at java.lang.Thread.run(Unknown Source) [?:1.8.0_421]
[16:21:21] [Server thread/ERROR]: Couldn't save chunk; already in use by another instance of Minecraft?
net.minecraft.server.v1_12_R1.ExceptionWorldConflict: The save is being accessed from another location, aborting
	at net.minecraft.server.v1_12_R1.WorldNBTStorage.checkSession(WorldNBTStorage.java:78) ~[craftbukkit.jar:git-Bukkit-ed8c725]
	at net.minecraft.server.v1_12_R1.World.checkSession(World.java:2692) ~[craftbukkit.jar:git-Bukkit-ed8c725]
	at net.minecraft.server.v1_12_R1.ChunkRegionLoader.a(ChunkRegionLoader.java:118) ~[craftbukkit.jar:git-Bukkit-ed8c725]
	at net.minecraft.server.v1_12_R1.ChunkProviderServer.saveChunk(ChunkProviderServer.java:207) [craftbukkit.jar:git-Bukkit-ed8c725]
	at net.minecraft.server.v1_12_R1.ChunkProviderServer.unloadChunk(ChunkProviderServer.java:299) [craftbukkit.jar:git-Bukkit-ed8c725]
	at net.minecraft.server.v1_12_R1.ChunkProviderServer.unloadChunks(ChunkProviderServer.java:257) [craftbukkit.jar:git-Bukkit-ed8c725]
	at net.minecraft.server.v1_12_R1.WorldServer.doTick(WorldServer.java:242) [craftbukkit.jar:git-Bukkit-ed8c725]
	at net.minecraft.server.v1_12_R1.MinecraftServer.D(MinecraftServer.java:739) [craftbukkit.jar:git-Bukkit-ed8c725]
	at net.minecraft.server.v1_12_R1.DedicatedServer.D(DedicatedServer.java:366) [craftbukkit.jar:git-Bukkit-ed8c725]
	at net.minecraft.server.v1_12_R1.MinecraftServer.C(MinecraftServer.java:650) [craftbukkit.jar:git-Bukkit-ed8c725]
	at net.minecraft.server.v1_12_R1.MinecraftServer.run(MinecraftServer.java:554) [craftbukkit.jar:git-Bukkit-ed8c725]
	at java.lang.Thread.run(Unknown Source) [?:1.8.0_421]
[16:21:21] [Server thread/ERROR]: Couldn't save chunk; already in use by another instance of Minecraft?
net.minecraft.server.v1_12_R1.ExceptionWorldConflict: The save is being accessed from another location, aborting
	at net.minecraft.server.v1_12_R1.WorldNBTStorage.checkSession(WorldNBTStorage.java:78) ~[craftbukkit.jar:git-Bukkit-ed8c725]
	at net.minecraft.server.v1_12_R1.World.checkSession(World.java:2692) ~[craftbukkit.jar:git-Bukkit-ed8c725]
	at net.minecraft.server.v1_12_R1.ChunkRegionLoader.a(ChunkRegionLoader.java:118) ~[craftbukkit.jar:git-Bukkit-ed8c725]
	at net.minecraft.server.v1_12_R1.ChunkProviderServer.saveChunk(ChunkProviderServer.java:207) [craftbukkit.jar:git-Bukkit-ed8c725]
	at net.minecraft.server.v1_12_R1.ChunkProviderServer.unloadChunk(ChunkProviderServer.java:299) [craftbukkit.jar:git-Bukkit-ed8c725]
	at net.minecraft.server.v1_12_R1.ChunkProviderServer.unloadChunks(ChunkProviderServer.java:257) [craftbukkit.jar:git-Bukkit-ed8c725]
	at net.minecraft.server.v1_12_R1.WorldServer.doTick(WorldServer.java:242) [craftbukkit.jar:git-Bukkit-ed8c725]
	at net.minecraft.server.v1_12_R1.MinecraftServer.D(MinecraftServer.java:739) [craftbukkit.jar:git-Bukkit-ed8c725]
	at net.minecraft.server.v1_12_R1.DedicatedServer.D(DedicatedServer.java:366) [craftbukkit.jar:git-Bukkit-ed8c725]
	at net.minecraft.server.v1_12_R1.MinecraftServer.C(MinecraftServer.java:650) [craftbukkit.jar:git-Bukkit-ed8c725]
	at net.minecraft.server.v1_12_R1.MinecraftServer.run(MinecraftServer.java:554) [craftbukkit.jar:git-Bukkit-ed8c725]
	at java.lang.Thread.run(Unknown Source) [?:1.8.0_421]
[16:21:21] [Server thread/ERROR]: Couldn't save chunk; already in use by another instance of Minecraft?
net.minecraft.server.v1_12_R1.ExceptionWorldConflict: The save is being accessed from another location, aborting
	at net.minecraft.server.v1_12_R1.WorldNBTStorage.checkSession(WorldNBTStorage.java:78) ~[craftbukkit.jar:git-Bukkit-ed8c725]
	at net.minecraft.server.v1_12_R1.World.checkSession(World.java:2692) ~[craftbukkit.jar:git-Bukkit-ed8c725]
	at net.minecraft.server.v1_12_R1.ChunkRegionLoader.a(ChunkRegionLoader.java:118) ~[craftbukkit.jar:git-Bukkit-ed8c725]
	at net.minecraft.server.v1_12_R1.ChunkProviderServer.saveChunk(ChunkProviderServer.java:207) [craftbukkit.jar:git-Bukkit-ed8c725]
	at net.minecraft.server.v1_12_R1.ChunkProviderServer.unloadChunk(ChunkProviderServer.java:299) [craftbukkit.jar:git-Bukkit-ed8c725]
	at net.minecraft.server.v1_12_R1.ChunkProviderServer.unloadChunks(ChunkProviderServer.java:257) [craftbukkit.jar:git-Bukkit-ed8c725]
	at net.minecraft.server.v1_12_R1.WorldServer.doTick(WorldServer.java:242) [craftbukkit.jar:git-Bukkit-ed8c725]
	at net.minecraft.server.v1_12_R1.MinecraftServer.D(MinecraftServer.java:739) [craftbukkit.jar:git-Bukkit-ed8c725]
	at net.minecraft.server.v1_12_R1.DedicatedServer.D(DedicatedServer.java:366) [craftbukkit.jar:git-Bukkit-ed8c725]
	at net.minecraft.server.v1_12_R1.MinecraftServer.C(MinecraftServer.java:650) [craftbukkit.jar:git-Bukkit-ed8c725]
	at net.minecraft.server.v1_12_R1.MinecraftServer.run(MinecraftServer.java:554) [craftbukkit.jar:git-Bukkit-ed8c725]
	at java.lang.Thread.run(Unknown Source) [?:1.8.0_421]
[16:21:21] [Server thread/ERROR]: Couldn't save chunk; already in use by another instance of Minecraft?
net.minecraft.server.v1_12_R1.ExceptionWorldConflict: The save is being accessed from another location, aborting
	at net.minecraft.server.v1_12_R1.WorldNBTStorage.checkSession(WorldNBTStorage.java:78) ~[craftbukkit.jar:git-Bukkit-ed8c725]
	at net.minecraft.server.v1_12_R1.World.checkSession(World.java:2692) ~[craftbukkit.jar:git-Bukkit-ed8c725]
	at net.minecraft.server.v1_12_R1.ChunkRegionLoader.a(ChunkRegionLoader.java:118) ~[craftbukkit.jar:git-Bukkit-ed8c725]
	at net.minecraft.server.v1_12_R1.ChunkProviderServer.saveChunk(ChunkProviderServer.java:207) [craftbukkit.jar:git-Bukkit-ed8c725]
	at net.minecraft.server.v1_12_R1.ChunkProviderServer.unloadChunk(ChunkProviderServer.java:299) [craftbukkit.jar:git-Bukkit-ed8c725]
	at net.minecraft.server.v1_12_R1.ChunkProviderServer.unloadChunks(ChunkProviderServer.java:257) [craftbukkit.jar:git-Bukkit-ed8c725]
	at net.minecraft.server.v1_12_R1.WorldServer.doTick(WorldServer.java:242) [craftbukkit.jar:git-Bukkit-ed8c725]
	at net.minecraft.server.v1_12_R1.MinecraftServer.D(MinecraftServer.java:739) [craftbukkit.jar:git-Bukkit-ed8c725]
	at net.minecraft.server.v1_12_R1.DedicatedServer.D(DedicatedServer.java:366) [craftbukkit.jar:git-Bukkit-ed8c725]
	at net.minecraft.server.v1_12_R1.MinecraftServer.C(MinecraftServer.java:650) [craftbukkit.jar:git-Bukkit-ed8c725]
	at net.minecraft.server.v1_12_R1.MinecraftServer.run(MinecraftServer.java:554) [craftbukkit.jar:git-Bukkit-ed8c725]
	at java.lang.Thread.run(Unknown Source) [?:1.8.0_421]
[16:21:21] [Server thread/ERROR]: Couldn't save chunk; already in use by another instance of Minecraft?
net.minecraft.server.v1_12_R1.ExceptionWorldConflict: The save is being accessed from another location, aborting
	at net.minecraft.server.v1_12_R1.WorldNBTStorage.checkSession(WorldNBTStorage.java:78) ~[craftbukkit.jar:git-Bukkit-ed8c725]
	at net.minecraft.server.v1_12_R1.World.checkSession(World.java:2692) ~[craftbukkit.jar:git-Bukkit-ed8c725]
	at net.minecraft.server.v1_12_R1.ChunkRegionLoader.a(ChunkRegionLoader.java:118) ~[craftbukkit.jar:git-Bukkit-ed8c725]
	at net.minecraft.server.v1_12_R1.ChunkProviderServer.saveChunk(ChunkProviderServer.java:207) [craftbukkit.jar:git-Bukkit-ed8c725]
	at net.minecraft.server.v1_12_R1.ChunkProviderServer.unloadChunk(ChunkProviderServer.java:299) [craftbukkit.jar:git-Bukkit-ed8c725]
	at net.minecraft.server.v1_12_R1.ChunkProviderServer.unloadChunks(ChunkProviderServer.java:257) [craftbukkit.jar:git-Bukkit-ed8c725]
	at net.minecraft.server.v1_12_R1.WorldServer.doTick(WorldServer.java:242) [craftbukkit.jar:git-Bukkit-ed8c725]
	at net.minecraft.server.v1_12_R1.MinecraftServer.D(MinecraftServer.java:739) [craftbukkit.jar:git-Bukkit-ed8c725]
	at net.minecraft.server.v1_12_R1.DedicatedServer.D(DedicatedServer.java:366) [craftbukkit.jar:git-Bukkit-ed8c725]
	at net.minecraft.server.v1_12_R1.MinecraftServer.C(MinecraftServer.java:650) [craftbukkit.jar:git-Bukkit-ed8c725]
	at net.minecraft.server.v1_12_R1.MinecraftServer.run(MinecraftServer.java:554) [craftbukkit.jar:git-Bukkit-ed8c725]
	at java.lang.Thread.run(Unknown Source) [?:1.8.0_421]
[16:21:21] [Server thread/ERROR]: Couldn't save chunk; already in use by another instance of Minecraft?
net.minecraft.server.v1_12_R1.ExceptionWorldConflict: The save is being accessed from another location, aborting
	at net.minecraft.server.v1_12_R1.WorldNBTStorage.checkSession(WorldNBTStorage.java:78) ~[craftbukkit.jar:git-Bukkit-ed8c725]
	at net.minecraft.server.v1_12_R1.World.checkSession(World.java:2692) ~[craftbukkit.jar:git-Bukkit-ed8c725]
	at net.minecraft.server.v1_12_R1.ChunkRegionLoader.a(ChunkRegionLoader.java:118) ~[craftbukkit.jar:git-Bukkit-ed8c725]
	at net.minecraft.server.v1_12_R1.ChunkProviderServer.saveChunk(ChunkProviderServer.java:207) [craftbukkit.jar:git-Bukkit-ed8c725]
	at net.minecraft.server.v1_12_R1.ChunkProviderServer.unloadChunk(ChunkProviderServer.java:299) [craftbukkit.jar:git-Bukkit-ed8c725]
	at net.minecraft.server.v1_12_R1.ChunkProviderServer.unloadChunks(ChunkProviderServer.java:257) [craftbukkit.jar:git-Bukkit-ed8c725]
	at net.minecraft.server.v1_12_R1.WorldServer.doTick(WorldServer.java:242) [craftbukkit.jar:git-Bukkit-ed8c725]
	at net.minecraft.server.v1_12_R1.MinecraftServer.D(MinecraftServer.java:739) [craftbukkit.jar:git-Bukkit-ed8c725]
	at net.minecraft.server.v1_12_R1.DedicatedServer.D(DedicatedServer.java:366) [craftbukkit.jar:git-Bukkit-ed8c725]
	at net.minecraft.server.v1_12_R1.MinecraftServer.C(MinecraftServer.java:650) [craftbukkit.jar:git-Bukkit-ed8c725]
	at net.minecraft.server.v1_12_R1.MinecraftServer.run(MinecraftServer.java:554) [craftbukkit.jar:git-Bukkit-ed8c725]
	at java.lang.Thread.run(Unknown Source) [?:1.8.0_421]
[16:21:21] [Server thread/ERROR]: Couldn't save chunk; already in use by another instance of Minecraft?
net.minecraft.server.v1_12_R1.ExceptionWorldConflict: The save is being accessed from another location, aborting
	at net.minecraft.server.v1_12_R1.WorldNBTStorage.checkSession(WorldNBTStorage.java:78) ~[craftbukkit.jar:git-Bukkit-ed8c725]
	at net.minecraft.server.v1_12_R1.World.checkSession(World.java:2692) ~[craftbukkit.jar:git-Bukkit-ed8c725]
	at net.minecraft.server.v1_12_R1.ChunkRegionLoader.a(ChunkRegionLoader.java:118) ~[craftbukkit.jar:git-Bukkit-ed8c725]
	at net.minecraft.server.v1_12_R1.ChunkProviderServer.saveChunk(ChunkProviderServer.java:207) [craftbukkit.jar:git-Bukkit-ed8c725]
	at net.minecraft.server.v1_12_R1.ChunkProviderServer.unloadChunk(ChunkProviderServer.java:299) [craftbukkit.jar:git-Bukkit-ed8c725]
	at net.minecraft.server.v1_12_R1.ChunkProviderServer.unloadChunks(ChunkProviderServer.java:257) [craftbukkit.jar:git-Bukkit-ed8c725]
	at net.minecraft.server.v1_12_R1.WorldServer.doTick(WorldServer.java:242) [craftbukkit.jar:git-Bukkit-ed8c725]
	at net.minecraft.server.v1_12_R1.MinecraftServer.D(MinecraftServer.java:739) [craftbukkit.jar:git-Bukkit-ed8c725]
	at net.minecraft.server.v1_12_R1.DedicatedServer.D(DedicatedServer.java:366) [craftbukkit.jar:git-Bukkit-ed8c725]
	at net.minecraft.server.v1_12_R1.MinecraftServer.C(MinecraftServer.java:650) [craftbukkit.jar:git-Bukkit-ed8c725]
	at net.minecraft.server.v1_12_R1.MinecraftServer.run(MinecraftServer.java:554) [craftbukkit.jar:git-Bukkit-ed8c725]
	at java.lang.Thread.run(Unknown Source) [?:1.8.0_421]
[16:21:21] [Server thread/ERROR]: Couldn't save chunk; already in use by another instance of Minecraft?
net.minecraft.server.v1_12_R1.ExceptionWorldConflict: The save is being accessed from another location, aborting
	at net.minecraft.server.v1_12_R1.WorldNBTStorage.checkSession(WorldNBTStorage.java:78) ~[craftbukkit.jar:git-Bukkit-ed8c725]
	at net.minecraft.server.v1_12_R1.World.checkSession(World.java:2692) ~[craftbukkit.jar:git-Bukkit-ed8c725]
	at net.minecraft.server.v1_12_R1.ChunkRegionLoader.a(ChunkRegionLoader.java:118) ~[craftbukkit.jar:git-Bukkit-ed8c725]
	at net.minecraft.server.v1_12_R1.ChunkProviderServer.saveChunk(ChunkProviderServer.java:207) [craftbukkit.jar:git-Bukkit-ed8c725]
	at net.minecraft.server.v1_12_R1.ChunkProviderServer.unloadChunk(ChunkProviderServer.java:299) [craftbukkit.jar:git-Bukkit-ed8c725]
	at net.minecraft.server.v1_12_R1.ChunkProviderServer.unloadChunks(ChunkProviderServer.java:257) [craftbukkit.jar:git-Bukkit-ed8c725]
	at net.minecraft.server.v1_12_R1.WorldServer.doTick(WorldServer.java:242) [craftbukkit.jar:git-Bukkit-ed8c725]
	at net.minecraft.server.v1_12_R1.MinecraftServer.D(MinecraftServer.java:739) [craftbukkit.jar:git-Bukkit-ed8c725]
	at net.minecraft.server.v1_12_R1.DedicatedServer.D(DedicatedServer.java:366) [craftbukkit.jar:git-Bukkit-ed8c725]
	at net.minecraft.server.v1_12_R1.MinecraftServer.C(MinecraftServer.java:650) [craftbukkit.jar:git-Bukkit-ed8c725]
	at net.minecraft.server.v1_12_R1.MinecraftServer.run(MinecraftServer.java:554) [craftbukkit.jar:git-Bukkit-ed8c725]
	at java.lang.Thread.run(Unknown Source) [?:1.8.0_421]
[16:21:21] [Server thread/ERROR]: Couldn't save chunk; already in use by another instance of Minecraft?
net.minecraft.server.v1_12_R1.ExceptionWorldConflict: The save is being accessed from another location, aborting
	at net.minecraft.server.v1_12_R1.WorldNBTStorage.checkSession(WorldNBTStorage.java:78) ~[craftbukkit.jar:git-Bukkit-ed8c725]
	at net.minecraft.server.v1_12_R1.World.checkSession(World.java:2692) ~[craftbukkit.jar:git-Bukkit-ed8c725]
	at net.minecraft.server.v1_12_R1.ChunkRegionLoader.a(ChunkRegionLoader.java:118) ~[craftbukkit.jar:git-Bukkit-ed8c725]
	at net.minecraft.server.v1_12_R1.ChunkProviderServer.saveChunk(ChunkProviderServer.java:207) [craftbukkit.jar:git-Bukkit-ed8c725]
	at net.minecraft.server.v1_12_R1.ChunkProviderServer.unloadChunk(ChunkProviderServer.java:299) [craftbukkit.jar:git-Bukkit-ed8c725]
	at net.minecraft.server.v1_12_R1.ChunkProviderServer.unloadChunks(ChunkProviderServer.java:257) [craftbukkit.jar:git-Bukkit-ed8c725]
	at net.minecraft.server.v1_12_R1.WorldServer.doTick(WorldServer.java:242) [craftbukkit.jar:git-Bukkit-ed8c725]
	at net.minecraft.server.v1_12_R1.MinecraftServer.D(MinecraftServer.java:739) [craftbukkit.jar:git-Bukkit-ed8c725]
	at net.minecraft.server.v1_12_R1.DedicatedServer.D(DedicatedServer.java:366) [craftbukkit.jar:git-Bukkit-ed8c725]
	at net.minecraft.server.v1_12_R1.MinecraftServer.C(MinecraftServer.java:650) [craftbukkit.jar:git-Bukkit-ed8c725]
	at net.minecraft.server.v1_12_R1.MinecraftServer.run(MinecraftServer.java:554) [craftbukkit.jar:git-Bukkit-ed8c725]
	at java.lang.Thread.run(Unknown Source) [?:1.8.0_421]
[16:21:21] [Server thread/ERROR]: Couldn't save chunk; already in use by another instance of Minecraft?
net.minecraft.server.v1_12_R1.ExceptionWorldConflict: The save is being accessed from another location, aborting
	at net.minecraft.server.v1_12_R1.WorldNBTStorage.checkSession(WorldNBTStorage.java:78) ~[craftbukkit.jar:git-Bukkit-ed8c725]
	at net.minecraft.server.v1_12_R1.World.checkSession(World.java:2692) ~[craftbukkit.jar:git-Bukkit-ed8c725]
	at net.minecraft.server.v1_12_R1.ChunkRegionLoader.a(ChunkRegionLoader.java:118) ~[craftbukkit.jar:git-Bukkit-ed8c725]
	at net.minecraft.server.v1_12_R1.ChunkProviderServer.saveChunk(ChunkProviderServer.java:207) [craftbukkit.jar:git-Bukkit-ed8c725]
	at net.minecraft.server.v1_12_R1.ChunkProviderServer.unloadChunk(ChunkProviderServer.java:299) [craftbukkit.jar:git-Bukkit-ed8c725]
	at net.minecraft.server.v1_12_R1.ChunkProviderServer.unloadChunks(ChunkProviderServer.java:257) [craftbukkit.jar:git-Bukkit-ed8c725]
	at net.minecraft.server.v1_12_R1.WorldServer.doTick(WorldServer.java:242) [craftbukkit.jar:git-Bukkit-ed8c725]
	at net.minecraft.server.v1_12_R1.MinecraftServer.D(MinecraftServer.java:739) [craftbukkit.jar:git-Bukkit-ed8c725]
	at net.minecraft.server.v1_12_R1.DedicatedServer.D(DedicatedServer.java:366) [craftbukkit.jar:git-Bukkit-ed8c725]
	at net.minecraft.server.v1_12_R1.MinecraftServer.C(MinecraftServer.java:650) [craftbukkit.jar:git-Bukkit-ed8c725]
	at net.minecraft.server.v1_12_R1.MinecraftServer.run(MinecraftServer.java:554) [craftbukkit.jar:git-Bukkit-ed8c725]
	at java.lang.Thread.run(Unknown Source) [?:1.8.0_421]
[16:21:21] [Server thread/ERROR]: Couldn't save chunk; already in use by another instance of Minecraft?
net.minecraft.server.v1_12_R1.ExceptionWorldConflict: The save is being accessed from another location, aborting
	at net.minecraft.server.v1_12_R1.WorldNBTStorage.checkSession(WorldNBTStorage.java:78) ~[craftbukkit.jar:git-Bukkit-ed8c725]
	at net.minecraft.server.v1_12_R1.World.checkSession(World.java:2692) ~[craftbukkit.jar:git-Bukkit-ed8c725]
	at net.minecraft.server.v1_12_R1.ChunkRegionLoader.a(ChunkRegionLoader.java:118) ~[craftbukkit.jar:git-Bukkit-ed8c725]
	at net.minecraft.server.v1_12_R1.ChunkProviderServer.saveChunk(ChunkProviderServer.java:207) [craftbukkit.jar:git-Bukkit-ed8c725]
	at net.minecraft.server.v1_12_R1.ChunkProviderServer.unloadChunk(ChunkProviderServer.java:299) [craftbukkit.jar:git-Bukkit-ed8c725]
	at net.minecraft.server.v1_12_R1.ChunkProviderServer.unloadChunks(ChunkProviderServer.java:257) [craftbukkit.jar:git-Bukkit-ed8c725]
	at net.minecraft.server.v1_12_R1.WorldServer.doTick(WorldServer.java:242) [craftbukkit.jar:git-Bukkit-ed8c725]
	at net.minecraft.server.v1_12_R1.MinecraftServer.D(MinecraftServer.java:739) [craftbukkit.jar:git-Bukkit-ed8c725]
	at net.minecraft.server.v1_12_R1.DedicatedServer.D(DedicatedServer.java:366) [craftbukkit.jar:git-Bukkit-ed8c725]
	at net.minecraft.server.v1_12_R1.MinecraftServer.C(MinecraftServer.java:650) [craftbukkit.jar:git-Bukkit-ed8c725]
	at net.minecraft.server.v1_12_R1.MinecraftServer.run(MinecraftServer.java:554) [craftbukkit.jar:git-Bukkit-ed8c725]
	at java.lang.Thread.run(Unknown Source) [?:1.8.0_421]
[16:21:21] [Server thread/ERROR]: Couldn't save chunk; already in use by another instance of Minecraft?
net.minecraft.server.v1_12_R1.ExceptionWorldConflict: The save is being accessed from another location, aborting
	at net.minecraft.server.v1_12_R1.WorldNBTStorage.checkSession(WorldNBTStorage.java:78) ~[craftbukkit.jar:git-Bukkit-ed8c725]
	at net.minecraft.server.v1_12_R1.World.checkSession(World.java:2692) ~[craftbukkit.jar:git-Bukkit-ed8c725]
	at net.minecraft.server.v1_12_R1.ChunkRegionLoader.a(ChunkRegionLoader.java:118) ~[craftbukkit.jar:git-Bukkit-ed8c725]
	at net.minecraft.server.v1_12_R1.ChunkProviderServer.saveChunk(ChunkProviderServer.java:207) [craftbukkit.jar:git-Bukkit-ed8c725]
	at net.minecraft.server.v1_12_R1.ChunkProviderServer.unloadChunk(ChunkProviderServer.java:299) [craftbukkit.jar:git-Bukkit-ed8c725]
	at net.minecraft.server.v1_12_R1.ChunkProviderServer.unloadChunks(ChunkProviderServer.java:257) [craftbukkit.jar:git-Bukkit-ed8c725]
	at net.minecraft.server.v1_12_R1.WorldServer.doTick(WorldServer.java:242) [craftbukkit.jar:git-Bukkit-ed8c725]
	at net.minecraft.server.v1_12_R1.MinecraftServer.D(MinecraftServer.java:739) [craftbukkit.jar:git-Bukkit-ed8c725]
	at net.minecraft.server.v1_12_R1.DedicatedServer.D(DedicatedServer.java:366) [craftbukkit.jar:git-Bukkit-ed8c725]
	at net.minecraft.server.v1_12_R1.MinecraftServer.C(MinecraftServer.java:650) [craftbukkit.jar:git-Bukkit-ed8c725]
	at net.minecraft.server.v1_12_R1.MinecraftServer.run(MinecraftServer.java:554) [craftbukkit.jar:git-Bukkit-ed8c725]
	at java.lang.Thread.run(Unknown Source) [?:1.8.0_421]
[16:21:21] [Server thread/ERROR]: Couldn't save chunk; already in use by another instance of Minecraft?
net.minecraft.server.v1_12_R1.ExceptionWorldConflict: The save is being accessed from another location, aborting
	at net.minecraft.server.v1_12_R1.WorldNBTStorage.checkSession(WorldNBTStorage.java:78) ~[craftbukkit.jar:git-Bukkit-ed8c725]
	at net.minecraft.server.v1_12_R1.World.checkSession(World.java:2692) ~[craftbukkit.jar:git-Bukkit-ed8c725]
	at net.minecraft.server.v1_12_R1.ChunkRegionLoader.a(ChunkRegionLoader.java:118) ~[craftbukkit.jar:git-Bukkit-ed8c725]
	at net.minecraft.server.v1_12_R1.ChunkProviderServer.saveChunk(ChunkProviderServer.java:207) [craftbukkit.jar:git-Bukkit-ed8c725]
	at net.minecraft.server.v1_12_R1.ChunkProviderServer.unloadChunk(ChunkProviderServer.java:299) [craftbukkit.jar:git-Bukkit-ed8c725]
	at net.minecraft.server.v1_12_R1.ChunkProviderServer.unloadChunks(ChunkProviderServer.java:257) [craftbukkit.jar:git-Bukkit-ed8c725]
	at net.minecraft.server.v1_12_R1.WorldServer.doTick(WorldServer.java:242) [craftbukkit.jar:git-Bukkit-ed8c725]
	at net.minecraft.server.v1_12_R1.MinecraftServer.D(MinecraftServer.java:739) [craftbukkit.jar:git-Bukkit-ed8c725]
	at net.minecraft.server.v1_12_R1.DedicatedServer.D(DedicatedServer.java:366) [craftbukkit.jar:git-Bukkit-ed8c725]
	at net.minecraft.server.v1_12_R1.MinecraftServer.C(MinecraftServer.java:650) [craftbukkit.jar:git-Bukkit-ed8c725]
	at net.minecraft.server.v1_12_R1.MinecraftServer.run(MinecraftServer.java:554) [craftbukkit.jar:git-Bukkit-ed8c725]
	at java.lang.Thread.run(Unknown Source) [?:1.8.0_421]
[16:21:21] [Server thread/ERROR]: Couldn't save chunk; already in use by another instance of Minecraft?
net.minecraft.server.v1_12_R1.ExceptionWorldConflict: The save is being accessed from another location, aborting
	at net.minecraft.server.v1_12_R1.WorldNBTStorage.checkSession(WorldNBTStorage.java:78) ~[craftbukkit.jar:git-Bukkit-ed8c725]
	at net.minecraft.server.v1_12_R1.World.checkSession(World.java:2692) ~[craftbukkit.jar:git-Bukkit-ed8c725]
	at net.minecraft.server.v1_12_R1.ChunkRegionLoader.a(ChunkRegionLoader.java:118) ~[craftbukkit.jar:git-Bukkit-ed8c725]
	at net.minecraft.server.v1_12_R1.ChunkProviderServer.saveChunk(ChunkProviderServer.java:207) [craftbukkit.jar:git-Bukkit-ed8c725]
	at net.minecraft.server.v1_12_R1.ChunkProviderServer.unloadChunk(ChunkProviderServer.java:299) [craftbukkit.jar:git-Bukkit-ed8c725]
	at net.minecraft.server.v1_12_R1.ChunkProviderServer.unloadChunks(ChunkProviderServer.java:257) [craftbukkit.jar:git-Bukkit-ed8c725]
	at net.minecraft.server.v1_12_R1.WorldServer.doTick(WorldServer.java:242) [craftbukkit.jar:git-Bukkit-ed8c725]
	at net.minecraft.server.v1_12_R1.MinecraftServer.D(MinecraftServer.java:739) [craftbukkit.jar:git-Bukkit-ed8c725]
	at net.minecraft.server.v1_12_R1.DedicatedServer.D(DedicatedServer.java:366) [craftbukkit.jar:git-Bukkit-ed8c725]
	at net.minecraft.server.v1_12_R1.MinecraftServer.C(MinecraftServer.java:650) [craftbukkit.jar:git-Bukkit-ed8c725]
	at net.minecraft.server.v1_12_R1.MinecraftServer.run(MinecraftServer.java:554) [craftbukkit.jar:git-Bukkit-ed8c725]
	at java.lang.Thread.run(Unknown Source) [?:1.8.0_421]
[16:21:21] [Server thread/ERROR]: Couldn't save chunk; already in use by another instance of Minecraft?
net.minecraft.server.v1_12_R1.ExceptionWorldConflict: The save is being accessed from another location, aborting
	at net.minecraft.server.v1_12_R1.WorldNBTStorage.checkSession(WorldNBTStorage.java:78) ~[craftbukkit.jar:git-Bukkit-ed8c725]
	at net.minecraft.server.v1_12_R1.World.checkSession(World.java:2692) ~[craftbukkit.jar:git-Bukkit-ed8c725]
	at net.minecraft.server.v1_12_R1.ChunkRegionLoader.a(ChunkRegionLoader.java:118) ~[craftbukkit.jar:git-Bukkit-ed8c725]
	at net.minecraft.server.v1_12_R1.ChunkProviderServer.saveChunk(ChunkProviderServer.java:207) [craftbukkit.jar:git-Bukkit-ed8c725]
	at net.minecraft.server.v1_12_R1.ChunkProviderServer.unloadChunk(ChunkProviderServer.java:299) [craftbukkit.jar:git-Bukkit-ed8c725]
	at net.minecraft.server.v1_12_R1.ChunkProviderServer.unloadChunks(ChunkProviderServer.java:257) [craftbukkit.jar:git-Bukkit-ed8c725]
	at net.minecraft.server.v1_12_R1.WorldServer.doTick(WorldServer.java:242) [craftbukkit.jar:git-Bukkit-ed8c725]
	at net.minecraft.server.v1_12_R1.MinecraftServer.D(MinecraftServer.java:739) [craftbukkit.jar:git-Bukkit-ed8c725]
	at net.minecraft.server.v1_12_R1.DedicatedServer.D(DedicatedServer.java:366) [craftbukkit.jar:git-Bukkit-ed8c725]
	at net.minecraft.server.v1_12_R1.MinecraftServer.C(MinecraftServer.java:650) [craftbukkit.jar:git-Bukkit-ed8c725]
	at net.minecraft.server.v1_12_R1.MinecraftServer.run(MinecraftServer.java:554) [craftbukkit.jar:git-Bukkit-ed8c725]
	at java.lang.Thread.run(Unknown Source) [?:1.8.0_421]
[16:21:21] [Server thread/ERROR]: Couldn't save chunk; already in use by another instance of Minecraft?
net.minecraft.server.v1_12_R1.ExceptionWorldConflict: The save is being accessed from another location, aborting
	at net.minecraft.server.v1_12_R1.WorldNBTStorage.checkSession(WorldNBTStorage.java:78) ~[craftbukkit.jar:git-Bukkit-ed8c725]
	at net.minecraft.server.v1_12_R1.World.checkSession(World.java:2692) ~[craftbukkit.jar:git-Bukkit-ed8c725]
	at net.minecraft.server.v1_12_R1.ChunkRegionLoader.a(ChunkRegionLoader.java:118) ~[craftbukkit.jar:git-Bukkit-ed8c725]
	at net.minecraft.server.v1_12_R1.ChunkProviderServer.saveChunk(ChunkProviderServer.java:207) [craftbukkit.jar:git-Bukkit-ed8c725]
	at net.minecraft.server.v1_12_R1.ChunkProviderServer.unloadChunk(ChunkProviderServer.java:299) [craftbukkit.jar:git-Bukkit-ed8c725]
	at net.minecraft.server.v1_12_R1.ChunkProviderServer.unloadChunks(ChunkProviderServer.java:257) [craftbukkit.jar:git-Bukkit-ed8c725]
	at net.minecraft.server.v1_12_R1.WorldServer.doTick(WorldServer.java:242) [craftbukkit.jar:git-Bukkit-ed8c725]
	at net.minecraft.server.v1_12_R1.MinecraftServer.D(MinecraftServer.java:739) [craftbukkit.jar:git-Bukkit-ed8c725]
	at net.minecraft.server.v1_12_R1.DedicatedServer.D(DedicatedServer.java:366) [craftbukkit.jar:git-Bukkit-ed8c725]
	at net.minecraft.server.v1_12_R1.MinecraftServer.C(MinecraftServer.java:650) [craftbukkit.jar:git-Bukkit-ed8c725]
	at net.minecraft.server.v1_12_R1.MinecraftServer.run(MinecraftServer.java:554) [craftbukkit.jar:git-Bukkit-ed8c725]
	at java.lang.Thread.run(Unknown Source) [?:1.8.0_421]
[16:21:21] [Server thread/ERROR]: Couldn't save chunk; already in use by another instance of Minecraft?
net.minecraft.server.v1_12_R1.ExceptionWorldConflict: The save is being accessed from another location, aborting
	at net.minecraft.server.v1_12_R1.WorldNBTStorage.checkSession(WorldNBTStorage.java:78) ~[craftbukkit.jar:git-Bukkit-ed8c725]
	at net.minecraft.server.v1_12_R1.World.checkSession(World.java:2692) ~[craftbukkit.jar:git-Bukkit-ed8c725]
	at net.minecraft.server.v1_12_R1.ChunkRegionLoader.a(ChunkRegionLoader.java:118) ~[craftbukkit.jar:git-Bukkit-ed8c725]
	at net.minecraft.server.v1_12_R1.ChunkProviderServer.saveChunk(ChunkProviderServer.java:207) [craftbukkit.jar:git-Bukkit-ed8c725]
	at net.minecraft.server.v1_12_R1.ChunkProviderServer.unloadChunk(ChunkProviderServer.java:299) [craftbukkit.jar:git-Bukkit-ed8c725]
	at net.minecraft.server.v1_12_R1.ChunkProviderServer.unloadChunks(ChunkProviderServer.java:257) [craftbukkit.jar:git-Bukkit-ed8c725]
	at net.minecraft.server.v1_12_R1.WorldServer.doTick(WorldServer.java:242) [craftbukkit.jar:git-Bukkit-ed8c725]
	at net.minecraft.server.v1_12_R1.MinecraftServer.D(MinecraftServer.java:739) [craftbukkit.jar:git-Bukkit-ed8c725]
	at net.minecraft.server.v1_12_R1.DedicatedServer.D(DedicatedServer.java:366) [craftbukkit.jar:git-Bukkit-ed8c725]
	at net.minecraft.server.v1_12_R1.MinecraftServer.C(MinecraftServer.java:650) [craftbukkit.jar:git-Bukkit-ed8c725]
	at net.minecraft.server.v1_12_R1.MinecraftServer.run(MinecraftServer.java:554) [craftbukkit.jar:git-Bukkit-ed8c725]
	at java.lang.Thread.run(Unknown Source) [?:1.8.0_421]
[16:21:21] [Server thread/ERROR]: Couldn't save chunk; already in use by another instance of Minecraft?
net.minecraft.server.v1_12_R1.ExceptionWorldConflict: The save is being accessed from another location, aborting
	at net.minecraft.server.v1_12_R1.WorldNBTStorage.checkSession(WorldNBTStorage.java:78) ~[craftbukkit.jar:git-Bukkit-ed8c725]
	at net.minecraft.server.v1_12_R1.World.checkSession(World.java:2692) ~[craftbukkit.jar:git-Bukkit-ed8c725]
	at net.minecraft.server.v1_12_R1.ChunkRegionLoader.a(ChunkRegionLoader.java:118) ~[craftbukkit.jar:git-Bukkit-ed8c725]
	at net.minecraft.server.v1_12_R1.ChunkProviderServer.saveChunk(ChunkProviderServer.java:207) [craftbukkit.jar:git-Bukkit-ed8c725]
	at net.minecraft.server.v1_12_R1.ChunkProviderServer.unloadChunk(ChunkProviderServer.java:299) [craftbukkit.jar:git-Bukkit-ed8c725]
	at net.minecraft.server.v1_12_R1.ChunkProviderServer.unloadChunks(ChunkProviderServer.java:257) [craftbukkit.jar:git-Bukkit-ed8c725]
	at net.minecraft.server.v1_12_R1.WorldServer.doTick(WorldServer.java:242) [craftbukkit.jar:git-Bukkit-ed8c725]
	at net.minecraft.server.v1_12_R1.MinecraftServer.D(MinecraftServer.java:739) [craftbukkit.jar:git-Bukkit-ed8c725]
	at net.minecraft.server.v1_12_R1.DedicatedServer.D(DedicatedServer.java:366) [craftbukkit.jar:git-Bukkit-ed8c725]
	at net.minecraft.server.v1_12_R1.MinecraftServer.C(MinecraftServer.java:650) [craftbukkit.jar:git-Bukkit-ed8c725]
	at net.minecraft.server.v1_12_R1.MinecraftServer.run(MinecraftServer.java:554) [craftbukkit.jar:git-Bukkit-ed8c725]
	at java.lang.Thread.run(Unknown Source) [?:1.8.0_421]
[16:21:21] [Server thread/ERROR]: Couldn't save chunk; already in use by another instance of Minecraft?
net.minecraft.server.v1_12_R1.ExceptionWorldConflict: The save is being accessed from another location, aborting
	at net.minecraft.server.v1_12_R1.WorldNBTStorage.checkSession(WorldNBTStorage.java:78) ~[craftbukkit.jar:git-Bukkit-ed8c725]
	at net.minecraft.server.v1_12_R1.World.checkSession(World.java:2692) ~[craftbukkit.jar:git-Bukkit-ed8c725]
	at net.minecraft.server.v1_12_R1.ChunkRegionLoader.a(ChunkRegionLoader.java:118) ~[craftbukkit.jar:git-Bukkit-ed8c725]
	at net.minecraft.server.v1_12_R1.ChunkProviderServer.saveChunk(ChunkProviderServer.java:207) [craftbukkit.jar:git-Bukkit-ed8c725]
	at net.minecraft.server.v1_12_R1.ChunkProviderServer.unloadChunk(ChunkProviderServer.java:299) [craftbukkit.jar:git-Bukkit-ed8c725]
	at net.minecraft.server.v1_12_R1.ChunkProviderServer.unloadChunks(ChunkProviderServer.java:257) [craftbukkit.jar:git-Bukkit-ed8c725]
	at net.minecraft.server.v1_12_R1.WorldServer.doTick(WorldServer.java:242) [craftbukkit.jar:git-Bukkit-ed8c725]
	at net.minecraft.server.v1_12_R1.MinecraftServer.D(MinecraftServer.java:739) [craftbukkit.jar:git-Bukkit-ed8c725]
	at net.minecraft.server.v1_12_R1.DedicatedServer.D(DedicatedServer.java:366) [craftbukkit.jar:git-Bukkit-ed8c725]
	at net.minecraft.server.v1_12_R1.MinecraftServer.C(MinecraftServer.java:650) [craftbukkit.jar:git-Bukkit-ed8c725]
	at net.minecraft.server.v1_12_R1.MinecraftServer.run(MinecraftServer.java:554) [craftbukkit.jar:git-Bukkit-ed8c725]
	at java.lang.Thread.run(Unknown Source) [?:1.8.0_421]
[16:21:21] [Server thread/ERROR]: Couldn't save chunk; already in use by another instance of Minecraft?
net.minecraft.server.v1_12_R1.ExceptionWorldConflict: The save is being accessed from another location, aborting
	at net.minecraft.server.v1_12_R1.WorldNBTStorage.checkSession(WorldNBTStorage.java:78) ~[craftbukkit.jar:git-Bukkit-ed8c725]
	at net.minecraft.server.v1_12_R1.World.checkSession(World.java:2692) ~[craftbukkit.jar:git-Bukkit-ed8c725]
	at net.minecraft.server.v1_12_R1.ChunkRegionLoader.a(ChunkRegionLoader.java:118) ~[craftbukkit.jar:git-Bukkit-ed8c725]
	at net.minecraft.server.v1_12_R1.ChunkProviderServer.saveChunk(ChunkProviderServer.java:207) [craftbukkit.jar:git-Bukkit-ed8c725]
	at net.minecraft.server.v1_12_R1.ChunkProviderServer.unloadChunk(ChunkProviderServer.java:299) [craftbukkit.jar:git-Bukkit-ed8c725]
	at net.minecraft.server.v1_12_R1.ChunkProviderServer.unloadChunks(ChunkProviderServer.java:257) [craftbukkit.jar:git-Bukkit-ed8c725]
	at net.minecraft.server.v1_12_R1.WorldServer.doTick(WorldServer.java:242) [craftbukkit.jar:git-Bukkit-ed8c725]
	at net.minecraft.server.v1_12_R1.MinecraftServer.D(MinecraftServer.java:739) [craftbukkit.jar:git-Bukkit-ed8c725]
	at net.minecraft.server.v1_12_R1.DedicatedServer.D(DedicatedServer.java:366) [craftbukkit.jar:git-Bukkit-ed8c725]
	at net.minecraft.server.v1_12_R1.MinecraftServer.C(MinecraftServer.java:650) [craftbukkit.jar:git-Bukkit-ed8c725]
	at net.minecraft.server.v1_12_R1.MinecraftServer.run(MinecraftServer.java:554) [craftbukkit.jar:git-Bukkit-ed8c725]
	at java.lang.Thread.run(Unknown Source) [?:1.8.0_421]
[16:21:21] [Server thread/ERROR]: Couldn't save chunk; already in use by another instance of Minecraft?
net.minecraft.server.v1_12_R1.ExceptionWorldConflict: The save is being accessed from another location, aborting
	at net.minecraft.server.v1_12_R1.WorldNBTStorage.checkSession(WorldNBTStorage.java:78) ~[craftbukkit.jar:git-Bukkit-ed8c725]
	at net.minecraft.server.v1_12_R1.World.checkSession(World.java:2692) ~[craftbukkit.jar:git-Bukkit-ed8c725]
	at net.minecraft.server.v1_12_R1.ChunkRegionLoader.a(ChunkRegionLoader.java:118) ~[craftbukkit.jar:git-Bukkit-ed8c725]
	at net.minecraft.server.v1_12_R1.ChunkProviderServer.saveChunk(ChunkProviderServer.java:207) [craftbukkit.jar:git-Bukkit-ed8c725]
	at net.minecraft.server.v1_12_R1.ChunkProviderServer.unloadChunk(ChunkProviderServer.java:299) [craftbukkit.jar:git-Bukkit-ed8c725]
	at net.minecraft.server.v1_12_R1.ChunkProviderServer.unloadChunks(ChunkProviderServer.java:257) [craftbukkit.jar:git-Bukkit-ed8c725]
	at net.minecraft.server.v1_12_R1.WorldServer.doTick(WorldServer.java:242) [craftbukkit.jar:git-Bukkit-ed8c725]
	at net.minecraft.server.v1_12_R1.MinecraftServer.D(MinecraftServer.java:739) [craftbukkit.jar:git-Bukkit-ed8c725]
	at net.minecraft.server.v1_12_R1.DedicatedServer.D(DedicatedServer.java:366) [craftbukkit.jar:git-Bukkit-ed8c725]
	at net.minecraft.server.v1_12_R1.MinecraftServer.C(MinecraftServer.java:650) [craftbukkit.jar:git-Bukkit-ed8c725]
	at net.minecraft.server.v1_12_R1.MinecraftServer.run(MinecraftServer.java:554) [craftbukkit.jar:git-Bukkit-ed8c725]
	at java.lang.Thread.run(Unknown Source) [?:1.8.0_421]
[16:21:21] [Server thread/ERROR]: Couldn't save chunk; already in use by another instance of Minecraft?
net.minecraft.server.v1_12_R1.ExceptionWorldConflict: The save is being accessed from another location, aborting
	at net.minecraft.server.v1_12_R1.WorldNBTStorage.checkSession(WorldNBTStorage.java:78) ~[craftbukkit.jar:git-Bukkit-ed8c725]
	at net.minecraft.server.v1_12_R1.World.checkSession(World.java:2692) ~[craftbukkit.jar:git-Bukkit-ed8c725]
	at net.minecraft.server.v1_12_R1.ChunkRegionLoader.a(ChunkRegionLoader.java:118) ~[craftbukkit.jar:git-Bukkit-ed8c725]
	at net.minecraft.server.v1_12_R1.ChunkProviderServer.saveChunk(ChunkProviderServer.java:207) [craftbukkit.jar:git-Bukkit-ed8c725]
	at net.minecraft.server.v1_12_R1.ChunkProviderServer.unloadChunk(ChunkProviderServer.java:299) [craftbukkit.jar:git-Bukkit-ed8c725]
	at net.minecraft.server.v1_12_R1.ChunkProviderServer.unloadChunks(ChunkProviderServer.java:257) [craftbukkit.jar:git-Bukkit-ed8c725]
	at net.minecraft.server.v1_12_R1.WorldServer.doTick(WorldServer.java:242) [craftbukkit.jar:git-Bukkit-ed8c725]
	at net.minecraft.server.v1_12_R1.MinecraftServer.D(MinecraftServer.java:739) [craftbukkit.jar:git-Bukkit-ed8c725]
	at net.minecraft.server.v1_12_R1.DedicatedServer.D(DedicatedServer.java:366) [craftbukkit.jar:git-Bukkit-ed8c725]
	at net.minecraft.server.v1_12_R1.MinecraftServer.C(MinecraftServer.java:650) [craftbukkit.jar:git-Bukkit-ed8c725]
	at net.minecraft.server.v1_12_R1.MinecraftServer.run(MinecraftServer.java:554) [craftbukkit.jar:git-Bukkit-ed8c725]
	at java.lang.Thread.run(Unknown Source) [?:1.8.0_421]
[16:21:21] [Server thread/ERROR]: Couldn't save chunk; already in use by another instance of Minecraft?
net.minecraft.server.v1_12_R1.ExceptionWorldConflict: The save is being accessed from another location, aborting
	at net.minecraft.server.v1_12_R1.WorldNBTStorage.checkSession(WorldNBTStorage.java:78) ~[craftbukkit.jar:git-Bukkit-ed8c725]
	at net.minecraft.server.v1_12_R1.World.checkSession(World.java:2692) ~[craftbukkit.jar:git-Bukkit-ed8c725]
	at net.minecraft.server.v1_12_R1.ChunkRegionLoader.a(ChunkRegionLoader.java:118) ~[craftbukkit.jar:git-Bukkit-ed8c725]
	at net.minecraft.server.v1_12_R1.ChunkProviderServer.saveChunk(ChunkProviderServer.java:207) [craftbukkit.jar:git-Bukkit-ed8c725]
	at net.minecraft.server.v1_12_R1.ChunkProviderServer.unloadChunk(ChunkProviderServer.java:299) [craftbukkit.jar:git-Bukkit-ed8c725]
	at net.minecraft.server.v1_12_R1.ChunkProviderServer.unloadChunks(ChunkProviderServer.java:257) [craftbukkit.jar:git-Bukkit-ed8c725]
	at net.minecraft.server.v1_12_R1.WorldServer.doTick(WorldServer.java:242) [craftbukkit.jar:git-Bukkit-ed8c725]
	at net.minecraft.server.v1_12_R1.MinecraftServer.D(MinecraftServer.java:739) [craftbukkit.jar:git-Bukkit-ed8c725]
	at net.minecraft.server.v1_12_R1.DedicatedServer.D(DedicatedServer.java:366) [craftbukkit.jar:git-Bukkit-ed8c725]
	at net.minecraft.server.v1_12_R1.MinecraftServer.C(MinecraftServer.java:650) [craftbukkit.jar:git-Bukkit-ed8c725]
	at net.minecraft.server.v1_12_R1.MinecraftServer.run(MinecraftServer.java:554) [craftbukkit.jar:git-Bukkit-ed8c725]
	at java.lang.Thread.run(Unknown Source) [?:1.8.0_421]
[16:21:21] [Server thread/ERROR]: Couldn't save chunk; already in use by another instance of Minecraft?
net.minecraft.server.v1_12_R1.ExceptionWorldConflict: The save is being accessed from another location, aborting
	at net.minecraft.server.v1_12_R1.WorldNBTStorage.checkSession(WorldNBTStorage.java:78) ~[craftbukkit.jar:git-Bukkit-ed8c725]
	at net.minecraft.server.v1_12_R1.World.checkSession(World.java:2692) ~[craftbukkit.jar:git-Bukkit-ed8c725]
	at net.minecraft.server.v1_12_R1.ChunkRegionLoader.a(ChunkRegionLoader.java:118) ~[craftbukkit.jar:git-Bukkit-ed8c725]
	at net.minecraft.server.v1_12_R1.ChunkProviderServer.saveChunk(ChunkProviderServer.java:207) [craftbukkit.jar:git-Bukkit-ed8c725]
	at net.minecraft.server.v1_12_R1.ChunkProviderServer.unloadChunk(ChunkProviderServer.java:299) [craftbukkit.jar:git-Bukkit-ed8c725]
	at net.minecraft.server.v1_12_R1.ChunkProviderServer.unloadChunks(ChunkProviderServer.java:257) [craftbukkit.jar:git-Bukkit-ed8c725]
	at net.minecraft.server.v1_12_R1.WorldServer.doTick(WorldServer.java:242) [craftbukkit.jar:git-Bukkit-ed8c725]
	at net.minecraft.server.v1_12_R1.MinecraftServer.D(MinecraftServer.java:739) [craftbukkit.jar:git-Bukkit-ed8c725]
	at net.minecraft.server.v1_12_R1.DedicatedServer.D(DedicatedServer.java:366) [craftbukkit.jar:git-Bukkit-ed8c725]
	at net.minecraft.server.v1_12_R1.MinecraftServer.C(MinecraftServer.java:650) [craftbukkit.jar:git-Bukkit-ed8c725]
	at net.minecraft.server.v1_12_R1.MinecraftServer.run(MinecraftServer.java:554) [craftbukkit.jar:git-Bukkit-ed8c725]
	at java.lang.Thread.run(Unknown Source) [?:1.8.0_421]
[16:21:21] [Server thread/ERROR]: Couldn't save chunk; already in use by another instance of Minecraft?
net.minecraft.server.v1_12_R1.ExceptionWorldConflict: The save is being accessed from another location, aborting
	at net.minecraft.server.v1_12_R1.WorldNBTStorage.checkSession(WorldNBTStorage.java:78) ~[craftbukkit.jar:git-Bukkit-ed8c725]
	at net.minecraft.server.v1_12_R1.World.checkSession(World.java:2692) ~[craftbukkit.jar:git-Bukkit-ed8c725]
	at net.minecraft.server.v1_12_R1.ChunkRegionLoader.a(ChunkRegionLoader.java:118) ~[craftbukkit.jar:git-Bukkit-ed8c725]
	at net.minecraft.server.v1_12_R1.ChunkProviderServer.saveChunk(ChunkProviderServer.java:207) [craftbukkit.jar:git-Bukkit-ed8c725]
	at net.minecraft.server.v1_12_R1.ChunkProviderServer.unloadChunk(ChunkProviderServer.java:299) [craftbukkit.jar:git-Bukkit-ed8c725]
	at net.minecraft.server.v1_12_R1.ChunkProviderServer.unloadChunks(ChunkProviderServer.java:257) [craftbukkit.jar:git-Bukkit-ed8c725]
	at net.minecraft.server.v1_12_R1.WorldServer.doTick(WorldServer.java:242) [craftbukkit.jar:git-Bukkit-ed8c725]
	at net.minecraft.server.v1_12_R1.MinecraftServer.D(MinecraftServer.java:739) [craftbukkit.jar:git-Bukkit-ed8c725]
	at net.minecraft.server.v1_12_R1.DedicatedServer.D(DedicatedServer.java:366) [craftbukkit.jar:git-Bukkit-ed8c725]
	at net.minecraft.server.v1_12_R1.MinecraftServer.C(MinecraftServer.java:650) [craftbukkit.jar:git-Bukkit-ed8c725]
	at net.minecraft.server.v1_12_R1.MinecraftServer.run(MinecraftServer.java:554) [craftbukkit.jar:git-Bukkit-ed8c725]
	at java.lang.Thread.run(Unknown Source) [?:1.8.0_421]
[16:21:21] [Server thread/ERROR]: Couldn't save chunk; already in use by another instance of Minecraft?
net.minecraft.server.v1_12_R1.ExceptionWorldConflict: The save is being accessed from another location, aborting
	at net.minecraft.server.v1_12_R1.WorldNBTStorage.checkSession(WorldNBTStorage.java:78) ~[craftbukkit.jar:git-Bukkit-ed8c725]
	at net.minecraft.server.v1_12_R1.World.checkSession(World.java:2692) ~[craftbukkit.jar:git-Bukkit-ed8c725]
	at net.minecraft.server.v1_12_R1.ChunkRegionLoader.a(ChunkRegionLoader.java:118) ~[craftbukkit.jar:git-Bukkit-ed8c725]
	at net.minecraft.server.v1_12_R1.ChunkProviderServer.saveChunk(ChunkProviderServer.java:207) [craftbukkit.jar:git-Bukkit-ed8c725]
	at net.minecraft.server.v1_12_R1.ChunkProviderServer.unloadChunk(ChunkProviderServer.java:299) [craftbukkit.jar:git-Bukkit-ed8c725]
	at net.minecraft.server.v1_12_R1.ChunkProviderServer.unloadChunks(ChunkProviderServer.java:257) [craftbukkit.jar:git-Bukkit-ed8c725]
	at net.minecraft.server.v1_12_R1.WorldServer.doTick(WorldServer.java:242) [craftbukkit.jar:git-Bukkit-ed8c725]
	at net.minecraft.server.v1_12_R1.MinecraftServer.D(MinecraftServer.java:739) [craftbukkit.jar:git-Bukkit-ed8c725]
	at net.minecraft.server.v1_12_R1.DedicatedServer.D(DedicatedServer.java:366) [craftbukkit.jar:git-Bukkit-ed8c725]
	at net.minecraft.server.v1_12_R1.MinecraftServer.C(MinecraftServer.java:650) [craftbukkit.jar:git-Bukkit-ed8c725]
	at net.minecraft.server.v1_12_R1.MinecraftServer.run(MinecraftServer.java:554) [craftbukkit.jar:git-Bukkit-ed8c725]
	at java.lang.Thread.run(Unknown Source) [?:1.8.0_421]
[16:21:21] [Server thread/ERROR]: Couldn't save chunk; already in use by another instance of Minecraft?
net.minecraft.server.v1_12_R1.ExceptionWorldConflict: The save is being accessed from another location, aborting
	at net.minecraft.server.v1_12_R1.WorldNBTStorage.checkSession(WorldNBTStorage.java:78) ~[craftbukkit.jar:git-Bukkit-ed8c725]
	at net.minecraft.server.v1_12_R1.World.checkSession(World.java:2692) ~[craftbukkit.jar:git-Bukkit-ed8c725]
	at net.minecraft.server.v1_12_R1.ChunkRegionLoader.a(ChunkRegionLoader.java:118) ~[craftbukkit.jar:git-Bukkit-ed8c725]
	at net.minecraft.server.v1_12_R1.ChunkProviderServer.saveChunk(ChunkProviderServer.java:207) [craftbukkit.jar:git-Bukkit-ed8c725]
	at net.minecraft.server.v1_12_R1.ChunkProviderServer.unloadChunk(ChunkProviderServer.java:299) [craftbukkit.jar:git-Bukkit-ed8c725]
	at net.minecraft.server.v1_12_R1.ChunkProviderServer.unloadChunks(ChunkProviderServer.java:257) [craftbukkit.jar:git-Bukkit-ed8c725]
	at net.minecraft.server.v1_12_R1.WorldServer.doTick(WorldServer.java:242) [craftbukkit.jar:git-Bukkit-ed8c725]
	at net.minecraft.server.v1_12_R1.MinecraftServer.D(MinecraftServer.java:739) [craftbukkit.jar:git-Bukkit-ed8c725]
	at net.minecraft.server.v1_12_R1.DedicatedServer.D(DedicatedServer.java:366) [craftbukkit.jar:git-Bukkit-ed8c725]
	at net.minecraft.server.v1_12_R1.MinecraftServer.C(MinecraftServer.java:650) [craftbukkit.jar:git-Bukkit-ed8c725]
	at net.minecraft.server.v1_12_R1.MinecraftServer.run(MinecraftServer.java:554) [craftbukkit.jar:git-Bukkit-ed8c725]
	at java.lang.Thread.run(Unknown Source) [?:1.8.0_421]
[16:21:21] [Server thread/ERROR]: Couldn't save chunk; already in use by another instance of Minecraft?
net.minecraft.server.v1_12_R1.ExceptionWorldConflict: The save is being accessed from another location, aborting
	at net.minecraft.server.v1_12_R1.WorldNBTStorage.checkSession(WorldNBTStorage.java:78) ~[craftbukkit.jar:git-Bukkit-ed8c725]
	at net.minecraft.server.v1_12_R1.World.checkSession(World.java:2692) ~[craftbukkit.jar:git-Bukkit-ed8c725]
	at net.minecraft.server.v1_12_R1.ChunkRegionLoader.a(ChunkRegionLoader.java:118) ~[craftbukkit.jar:git-Bukkit-ed8c725]
	at net.minecraft.server.v1_12_R1.ChunkProviderServer.saveChunk(ChunkProviderServer.java:207) [craftbukkit.jar:git-Bukkit-ed8c725]
	at net.minecraft.server.v1_12_R1.ChunkProviderServer.unloadChunk(ChunkProviderServer.java:299) [craftbukkit.jar:git-Bukkit-ed8c725]
	at net.minecraft.server.v1_12_R1.ChunkProviderServer.unloadChunks(ChunkProviderServer.java:257) [craftbukkit.jar:git-Bukkit-ed8c725]
	at net.minecraft.server.v1_12_R1.WorldServer.doTick(WorldServer.java:242) [craftbukkit.jar:git-Bukkit-ed8c725]
	at net.minecraft.server.v1_12_R1.MinecraftServer.D(MinecraftServer.java:739) [craftbukkit.jar:git-Bukkit-ed8c725]
	at net.minecraft.server.v1_12_R1.DedicatedServer.D(DedicatedServer.java:366) [craftbukkit.jar:git-Bukkit-ed8c725]
	at net.minecraft.server.v1_12_R1.MinecraftServer.C(MinecraftServer.java:650) [craftbukkit.jar:git-Bukkit-ed8c725]
	at net.minecraft.server.v1_12_R1.MinecraftServer.run(MinecraftServer.java:554) [craftbukkit.jar:git-Bukkit-ed8c725]
	at java.lang.Thread.run(Unknown Source) [?:1.8.0_421]
[16:21:21] [Server thread/ERROR]: Couldn't save chunk; already in use by another instance of Minecraft?
net.minecraft.server.v1_12_R1.ExceptionWorldConflict: The save is being accessed from another location, aborting
	at net.minecraft.server.v1_12_R1.WorldNBTStorage.checkSession(WorldNBTStorage.java:78) ~[craftbukkit.jar:git-Bukkit-ed8c725]
	at net.minecraft.server.v1_12_R1.World.checkSession(World.java:2692) ~[craftbukkit.jar:git-Bukkit-ed8c725]
	at net.minecraft.server.v1_12_R1.ChunkRegionLoader.a(ChunkRegionLoader.java:118) ~[craftbukkit.jar:git-Bukkit-ed8c725]
	at net.minecraft.server.v1_12_R1.ChunkProviderServer.saveChunk(ChunkProviderServer.java:207) [craftbukkit.jar:git-Bukkit-ed8c725]
	at net.minecraft.server.v1_12_R1.ChunkProviderServer.unloadChunk(ChunkProviderServer.java:299) [craftbukkit.jar:git-Bukkit-ed8c725]
	at net.minecraft.server.v1_12_R1.ChunkProviderServer.unloadChunks(ChunkProviderServer.java:257) [craftbukkit.jar:git-Bukkit-ed8c725]
	at net.minecraft.server.v1_12_R1.WorldServer.doTick(WorldServer.java:242) [craftbukkit.jar:git-Bukkit-ed8c725]
	at net.minecraft.server.v1_12_R1.MinecraftServer.D(MinecraftServer.java:739) [craftbukkit.jar:git-Bukkit-ed8c725]
	at net.minecraft.server.v1_12_R1.DedicatedServer.D(DedicatedServer.java:366) [craftbukkit.jar:git-Bukkit-ed8c725]
	at net.minecraft.server.v1_12_R1.MinecraftServer.C(MinecraftServer.java:650) [craftbukkit.jar:git-Bukkit-ed8c725]
	at net.minecraft.server.v1_12_R1.MinecraftServer.run(MinecraftServer.java:554) [craftbukkit.jar:git-Bukkit-ed8c725]
	at java.lang.Thread.run(Unknown Source) [?:1.8.0_421]
[16:21:21] [Server thread/ERROR]: Couldn't save chunk; already in use by another instance of Minecraft?
net.minecraft.server.v1_12_R1.ExceptionWorldConflict: The save is being accessed from another location, aborting
	at net.minecraft.server.v1_12_R1.WorldNBTStorage.checkSession(WorldNBTStorage.java:78) ~[craftbukkit.jar:git-Bukkit-ed8c725]
	at net.minecraft.server.v1_12_R1.World.checkSession(World.java:2692) ~[craftbukkit.jar:git-Bukkit-ed8c725]
	at net.minecraft.server.v1_12_R1.ChunkRegionLoader.a(ChunkRegionLoader.java:118) ~[craftbukkit.jar:git-Bukkit-ed8c725]
	at net.minecraft.server.v1_12_R1.ChunkProviderServer.saveChunk(ChunkProviderServer.java:207) [craftbukkit.jar:git-Bukkit-ed8c725]
	at net.minecraft.server.v1_12_R1.ChunkProviderServer.unloadChunk(ChunkProviderServer.java:299) [craftbukkit.jar:git-Bukkit-ed8c725]
	at net.minecraft.server.v1_12_R1.ChunkProviderServer.unloadChunks(ChunkProviderServer.java:257) [craftbukkit.jar:git-Bukkit-ed8c725]
	at net.minecraft.server.v1_12_R1.WorldServer.doTick(WorldServer.java:242) [craftbukkit.jar:git-Bukkit-ed8c725]
	at net.minecraft.server.v1_12_R1.MinecraftServer.D(MinecraftServer.java:739) [craftbukkit.jar:git-Bukkit-ed8c725]
	at net.minecraft.server.v1_12_R1.DedicatedServer.D(DedicatedServer.java:366) [craftbukkit.jar:git-Bukkit-ed8c725]
	at net.minecraft.server.v1_12_R1.MinecraftServer.C(MinecraftServer.java:650) [craftbukkit.jar:git-Bukkit-ed8c725]
	at net.minecraft.server.v1_12_R1.MinecraftServer.run(MinecraftServer.java:554) [craftbukkit.jar:git-Bukkit-ed8c725]
	at java.lang.Thread.run(Unknown Source) [?:1.8.0_421]
[16:21:21] [Server thread/ERROR]: Couldn't save chunk; already in use by another instance of Minecraft?
net.minecraft.server.v1_12_R1.ExceptionWorldConflict: The save is being accessed from another location, aborting
	at net.minecraft.server.v1_12_R1.WorldNBTStorage.checkSession(WorldNBTStorage.java:78) ~[craftbukkit.jar:git-Bukkit-ed8c725]
	at net.minecraft.server.v1_12_R1.World.checkSession(World.java:2692) ~[craftbukkit.jar:git-Bukkit-ed8c725]
	at net.minecraft.server.v1_12_R1.ChunkRegionLoader.a(ChunkRegionLoader.java:118) ~[craftbukkit.jar:git-Bukkit-ed8c725]
	at net.minecraft.server.v1_12_R1.ChunkProviderServer.saveChunk(ChunkProviderServer.java:207) [craftbukkit.jar:git-Bukkit-ed8c725]
	at net.minecraft.server.v1_12_R1.ChunkProviderServer.unloadChunk(ChunkProviderServer.java:299) [craftbukkit.jar:git-Bukkit-ed8c725]
	at net.minecraft.server.v1_12_R1.ChunkProviderServer.unloadChunks(ChunkProviderServer.java:257) [craftbukkit.jar:git-Bukkit-ed8c725]
	at net.minecraft.server.v1_12_R1.WorldServer.doTick(WorldServer.java:242) [craftbukkit.jar:git-Bukkit-ed8c725]
	at net.minecraft.server.v1_12_R1.MinecraftServer.D(MinecraftServer.java:739) [craftbukkit.jar:git-Bukkit-ed8c725]
	at net.minecraft.server.v1_12_R1.DedicatedServer.D(DedicatedServer.java:366) [craftbukkit.jar:git-Bukkit-ed8c725]
	at net.minecraft.server.v1_12_R1.MinecraftServer.C(MinecraftServer.java:650) [craftbukkit.jar:git-Bukkit-ed8c725]
	at net.minecraft.server.v1_12_R1.MinecraftServer.run(MinecraftServer.java:554) [craftbukkit.jar:git-Bukkit-ed8c725]
	at java.lang.Thread.run(Unknown Source) [?:1.8.0_421]
[16:21:21] [Server thread/ERROR]: Couldn't save chunk; already in use by another instance of Minecraft?
net.minecraft.server.v1_12_R1.ExceptionWorldConflict: The save is being accessed from another location, aborting
	at net.minecraft.server.v1_12_R1.WorldNBTStorage.checkSession(WorldNBTStorage.java:78) ~[craftbukkit.jar:git-Bukkit-ed8c725]
	at net.minecraft.server.v1_12_R1.World.checkSession(World.java:2692) ~[craftbukkit.jar:git-Bukkit-ed8c725]
	at net.minecraft.server.v1_12_R1.ChunkRegionLoader.a(ChunkRegionLoader.java:118) ~[craftbukkit.jar:git-Bukkit-ed8c725]
	at net.minecraft.server.v1_12_R1.ChunkProviderServer.saveChunk(ChunkProviderServer.java:207) [craftbukkit.jar:git-Bukkit-ed8c725]
	at net.minecraft.server.v1_12_R1.ChunkProviderServer.unloadChunk(ChunkProviderServer.java:299) [craftbukkit.jar:git-Bukkit-ed8c725]
	at net.minecraft.server.v1_12_R1.ChunkProviderServer.unloadChunks(ChunkProviderServer.java:257) [craftbukkit.jar:git-Bukkit-ed8c725]
	at net.minecraft.server.v1_12_R1.WorldServer.doTick(WorldServer.java:242) [craftbukkit.jar:git-Bukkit-ed8c725]
	at net.minecraft.server.v1_12_R1.MinecraftServer.D(MinecraftServer.java:739) [craftbukkit.jar:git-Bukkit-ed8c725]
	at net.minecraft.server.v1_12_R1.DedicatedServer.D(DedicatedServer.java:366) [craftbukkit.jar:git-Bukkit-ed8c725]
	at net.minecraft.server.v1_12_R1.MinecraftServer.C(MinecraftServer.java:650) [craftbukkit.jar:git-Bukkit-ed8c725]
	at net.minecraft.server.v1_12_R1.MinecraftServer.run(MinecraftServer.java:554) [craftbukkit.jar:git-Bukkit-ed8c725]
	at java.lang.Thread.run(Unknown Source) [?:1.8.0_421]
[16:21:21] [Server thread/ERROR]: Couldn't save chunk; already in use by another instance of Minecraft?
net.minecraft.server.v1_12_R1.ExceptionWorldConflict: The save is being accessed from another location, aborting
	at net.minecraft.server.v1_12_R1.WorldNBTStorage.checkSession(WorldNBTStorage.java:78) ~[craftbukkit.jar:git-Bukkit-ed8c725]
	at net.minecraft.server.v1_12_R1.World.checkSession(World.java:2692) ~[craftbukkit.jar:git-Bukkit-ed8c725]
	at net.minecraft.server.v1_12_R1.ChunkRegionLoader.a(ChunkRegionLoader.java:118) ~[craftbukkit.jar:git-Bukkit-ed8c725]
	at net.minecraft.server.v1_12_R1.ChunkProviderServer.saveChunk(ChunkProviderServer.java:207) [craftbukkit.jar:git-Bukkit-ed8c725]
	at net.minecraft.server.v1_12_R1.ChunkProviderServer.unloadChunk(ChunkProviderServer.java:299) [craftbukkit.jar:git-Bukkit-ed8c725]
	at net.minecraft.server.v1_12_R1.ChunkProviderServer.unloadChunks(ChunkProviderServer.java:257) [craftbukkit.jar:git-Bukkit-ed8c725]
	at net.minecraft.server.v1_12_R1.WorldServer.doTick(WorldServer.java:242) [craftbukkit.jar:git-Bukkit-ed8c725]
	at net.minecraft.server.v1_12_R1.MinecraftServer.D(MinecraftServer.java:739) [craftbukkit.jar:git-Bukkit-ed8c725]
	at net.minecraft.server.v1_12_R1.DedicatedServer.D(DedicatedServer.java:366) [craftbukkit.jar:git-Bukkit-ed8c725]
	at net.minecraft.server.v1_12_R1.MinecraftServer.C(MinecraftServer.java:650) [craftbukkit.jar:git-Bukkit-ed8c725]
	at net.minecraft.server.v1_12_R1.MinecraftServer.run(MinecraftServer.java:554) [craftbukkit.jar:git-Bukkit-ed8c725]
	at java.lang.Thread.run(Unknown Source) [?:1.8.0_421]
[16:21:21] [Server thread/ERROR]: Couldn't save chunk; already in use by another instance of Minecraft?
net.minecraft.server.v1_12_R1.ExceptionWorldConflict: The save is being accessed from another location, aborting
	at net.minecraft.server.v1_12_R1.WorldNBTStorage.checkSession(WorldNBTStorage.java:78) ~[craftbukkit.jar:git-Bukkit-ed8c725]
	at net.minecraft.server.v1_12_R1.World.checkSession(World.java:2692) ~[craftbukkit.jar:git-Bukkit-ed8c725]
	at net.minecraft.server.v1_12_R1.ChunkRegionLoader.a(ChunkRegionLoader.java:118) ~[craftbukkit.jar:git-Bukkit-ed8c725]
	at net.minecraft.server.v1_12_R1.ChunkProviderServer.saveChunk(ChunkProviderServer.java:207) [craftbukkit.jar:git-Bukkit-ed8c725]
	at net.minecraft.server.v1_12_R1.ChunkProviderServer.unloadChunk(ChunkProviderServer.java:299) [craftbukkit.jar:git-Bukkit-ed8c725]
	at net.minecraft.server.v1_12_R1.ChunkProviderServer.unloadChunks(ChunkProviderServer.java:257) [craftbukkit.jar:git-Bukkit-ed8c725]
	at net.minecraft.server.v1_12_R1.WorldServer.doTick(WorldServer.java:242) [craftbukkit.jar:git-Bukkit-ed8c725]
	at net.minecraft.server.v1_12_R1.MinecraftServer.D(MinecraftServer.java:739) [craftbukkit.jar:git-Bukkit-ed8c725]
	at net.minecraft.server.v1_12_R1.DedicatedServer.D(DedicatedServer.java:366) [craftbukkit.jar:git-Bukkit-ed8c725]
	at net.minecraft.server.v1_12_R1.MinecraftServer.C(MinecraftServer.java:650) [craftbukkit.jar:git-Bukkit-ed8c725]
	at net.minecraft.server.v1_12_R1.MinecraftServer.run(MinecraftServer.java:554) [craftbukkit.jar:git-Bukkit-ed8c725]
	at java.lang.Thread.run(Unknown Source) [?:1.8.0_421]
[16:21:21] [Server thread/ERROR]: Couldn't save chunk; already in use by another instance of Minecraft?
net.minecraft.server.v1_12_R1.ExceptionWorldConflict: The save is being accessed from another location, aborting
	at net.minecraft.server.v1_12_R1.WorldNBTStorage.checkSession(WorldNBTStorage.java:78) ~[craftbukkit.jar:git-Bukkit-ed8c725]
	at net.minecraft.server.v1_12_R1.World.checkSession(World.java:2692) ~[craftbukkit.jar:git-Bukkit-ed8c725]
	at net.minecraft.server.v1_12_R1.ChunkRegionLoader.a(ChunkRegionLoader.java:118) ~[craftbukkit.jar:git-Bukkit-ed8c725]
	at net.minecraft.server.v1_12_R1.ChunkProviderServer.saveChunk(ChunkProviderServer.java:207) [craftbukkit.jar:git-Bukkit-ed8c725]
	at net.minecraft.server.v1_12_R1.ChunkProviderServer.unloadChunk(ChunkProviderServer.java:299) [craftbukkit.jar:git-Bukkit-ed8c725]
	at net.minecraft.server.v1_12_R1.ChunkProviderServer.unloadChunks(ChunkProviderServer.java:257) [craftbukkit.jar:git-Bukkit-ed8c725]
	at net.minecraft.server.v1_12_R1.WorldServer.doTick(WorldServer.java:242) [craftbukkit.jar:git-Bukkit-ed8c725]
	at net.minecraft.server.v1_12_R1.MinecraftServer.D(MinecraftServer.java:739) [craftbukkit.jar:git-Bukkit-ed8c725]
	at net.minecraft.server.v1_12_R1.DedicatedServer.D(DedicatedServer.java:366) [craftbukkit.jar:git-Bukkit-ed8c725]
	at net.minecraft.server.v1_12_R1.MinecraftServer.C(MinecraftServer.java:650) [craftbukkit.jar:git-Bukkit-ed8c725]
	at net.minecraft.server.v1_12_R1.MinecraftServer.run(MinecraftServer.java:554) [craftbukkit.jar:git-Bukkit-ed8c725]
	at java.lang.Thread.run(Unknown Source) [?:1.8.0_421]
[16:21:21] [Server thread/ERROR]: Couldn't save chunk; already in use by another instance of Minecraft?
net.minecraft.server.v1_12_R1.ExceptionWorldConflict: The save is being accessed from another location, aborting
	at net.minecraft.server.v1_12_R1.WorldNBTStorage.checkSession(WorldNBTStorage.java:78) ~[craftbukkit.jar:git-Bukkit-ed8c725]
	at net.minecraft.server.v1_12_R1.World.checkSession(World.java:2692) ~[craftbukkit.jar:git-Bukkit-ed8c725]
	at net.minecraft.server.v1_12_R1.ChunkRegionLoader.a(ChunkRegionLoader.java:118) ~[craftbukkit.jar:git-Bukkit-ed8c725]
	at net.minecraft.server.v1_12_R1.ChunkProviderServer.saveChunk(ChunkProviderServer.java:207) [craftbukkit.jar:git-Bukkit-ed8c725]
	at net.minecraft.server.v1_12_R1.ChunkProviderServer.unloadChunk(ChunkProviderServer.java:299) [craftbukkit.jar:git-Bukkit-ed8c725]
	at net.minecraft.server.v1_12_R1.ChunkProviderServer.unloadChunks(ChunkProviderServer.java:257) [craftbukkit.jar:git-Bukkit-ed8c725]
	at net.minecraft.server.v1_12_R1.WorldServer.doTick(WorldServer.java:242) [craftbukkit.jar:git-Bukkit-ed8c725]
	at net.minecraft.server.v1_12_R1.MinecraftServer.D(MinecraftServer.java:739) [craftbukkit.jar:git-Bukkit-ed8c725]
	at net.minecraft.server.v1_12_R1.DedicatedServer.D(DedicatedServer.java:366) [craftbukkit.jar:git-Bukkit-ed8c725]
	at net.minecraft.server.v1_12_R1.MinecraftServer.C(MinecraftServer.java:650) [craftbukkit.jar:git-Bukkit-ed8c725]
	at net.minecraft.server.v1_12_R1.MinecraftServer.run(MinecraftServer.java:554) [craftbukkit.jar:git-Bukkit-ed8c725]
	at java.lang.Thread.run(Unknown Source) [?:1.8.0_421]
[16:21:21] [Server thread/ERROR]: Couldn't save chunk; already in use by another instance of Minecraft?
net.minecraft.server.v1_12_R1.ExceptionWorldConflict: The save is being accessed from another location, aborting
	at net.minecraft.server.v1_12_R1.WorldNBTStorage.checkSession(WorldNBTStorage.java:78) ~[craftbukkit.jar:git-Bukkit-ed8c725]
	at net.minecraft.server.v1_12_R1.World.checkSession(World.java:2692) ~[craftbukkit.jar:git-Bukkit-ed8c725]
	at net.minecraft.server.v1_12_R1.ChunkRegionLoader.a(ChunkRegionLoader.java:118) ~[craftbukkit.jar:git-Bukkit-ed8c725]
	at net.minecraft.server.v1_12_R1.ChunkProviderServer.saveChunk(ChunkProviderServer.java:207) [craftbukkit.jar:git-Bukkit-ed8c725]
	at net.minecraft.server.v1_12_R1.ChunkProviderServer.unloadChunk(ChunkProviderServer.java:299) [craftbukkit.jar:git-Bukkit-ed8c725]
	at net.minecraft.server.v1_12_R1.ChunkProviderServer.unloadChunks(ChunkProviderServer.java:257) [craftbukkit.jar:git-Bukkit-ed8c725]
	at net.minecraft.server.v1_12_R1.WorldServer.doTick(WorldServer.java:242) [craftbukkit.jar:git-Bukkit-ed8c725]
	at net.minecraft.server.v1_12_R1.MinecraftServer.D(MinecraftServer.java:739) [craftbukkit.jar:git-Bukkit-ed8c725]
	at net.minecraft.server.v1_12_R1.DedicatedServer.D(DedicatedServer.java:366) [craftbukkit.jar:git-Bukkit-ed8c725]
	at net.minecraft.server.v1_12_R1.MinecraftServer.C(MinecraftServer.java:650) [craftbukkit.jar:git-Bukkit-ed8c725]
	at net.minecraft.server.v1_12_R1.MinecraftServer.run(MinecraftServer.java:554) [craftbukkit.jar:git-Bukkit-ed8c725]
	at java.lang.Thread.run(Unknown Source) [?:1.8.0_421]
[16:21:21] [Server thread/ERROR]: Couldn't save chunk; already in use by another instance of Minecraft?
net.minecraft.server.v1_12_R1.ExceptionWorldConflict: The save is being accessed from another location, aborting
	at net.minecraft.server.v1_12_R1.WorldNBTStorage.checkSession(WorldNBTStorage.java:78) ~[craftbukkit.jar:git-Bukkit-ed8c725]
	at net.minecraft.server.v1_12_R1.World.checkSession(World.java:2692) ~[craftbukkit.jar:git-Bukkit-ed8c725]
	at net.minecraft.server.v1_12_R1.ChunkRegionLoader.a(ChunkRegionLoader.java:118) ~[craftbukkit.jar:git-Bukkit-ed8c725]
	at net.minecraft.server.v1_12_R1.ChunkProviderServer.saveChunk(ChunkProviderServer.java:207) [craftbukkit.jar:git-Bukkit-ed8c725]
	at net.minecraft.server.v1_12_R1.ChunkProviderServer.unloadChunk(ChunkProviderServer.java:299) [craftbukkit.jar:git-Bukkit-ed8c725]
	at net.minecraft.server.v1_12_R1.ChunkProviderServer.unloadChunks(ChunkProviderServer.java:257) [craftbukkit.jar:git-Bukkit-ed8c725]
	at net.minecraft.server.v1_12_R1.WorldServer.doTick(WorldServer.java:242) [craftbukkit.jar:git-Bukkit-ed8c725]
	at net.minecraft.server.v1_12_R1.MinecraftServer.D(MinecraftServer.java:739) [craftbukkit.jar:git-Bukkit-ed8c725]
	at net.minecraft.server.v1_12_R1.DedicatedServer.D(DedicatedServer.java:366) [craftbukkit.jar:git-Bukkit-ed8c725]
	at net.minecraft.server.v1_12_R1.MinecraftServer.C(MinecraftServer.java:650) [craftbukkit.jar:git-Bukkit-ed8c725]
	at net.minecraft.server.v1_12_R1.MinecraftServer.run(MinecraftServer.java:554) [craftbukkit.jar:git-Bukkit-ed8c725]
	at java.lang.Thread.run(Unknown Source) [?:1.8.0_421]
[16:21:21] [Server thread/ERROR]: Couldn't save chunk; already in use by another instance of Minecraft?
net.minecraft.server.v1_12_R1.ExceptionWorldConflict: The save is being accessed from another location, aborting
	at net.minecraft.server.v1_12_R1.WorldNBTStorage.checkSession(WorldNBTStorage.java:78) ~[craftbukkit.jar:git-Bukkit-ed8c725]
	at net.minecraft.server.v1_12_R1.World.checkSession(World.java:2692) ~[craftbukkit.jar:git-Bukkit-ed8c725]
	at net.minecraft.server.v1_12_R1.ChunkRegionLoader.a(ChunkRegionLoader.java:118) ~[craftbukkit.jar:git-Bukkit-ed8c725]
	at net.minecraft.server.v1_12_R1.ChunkProviderServer.saveChunk(ChunkProviderServer.java:207) [craftbukkit.jar:git-Bukkit-ed8c725]
	at net.minecraft.server.v1_12_R1.ChunkProviderServer.unloadChunk(ChunkProviderServer.java:299) [craftbukkit.jar:git-Bukkit-ed8c725]
	at net.minecraft.server.v1_12_R1.ChunkProviderServer.unloadChunks(ChunkProviderServer.java:257) [craftbukkit.jar:git-Bukkit-ed8c725]
	at net.minecraft.server.v1_12_R1.WorldServer.doTick(WorldServer.java:242) [craftbukkit.jar:git-Bukkit-ed8c725]
	at net.minecraft.server.v1_12_R1.MinecraftServer.D(MinecraftServer.java:739) [craftbukkit.jar:git-Bukkit-ed8c725]
	at net.minecraft.server.v1_12_R1.DedicatedServer.D(DedicatedServer.java:366) [craftbukkit.jar:git-Bukkit-ed8c725]
	at net.minecraft.server.v1_12_R1.MinecraftServer.C(MinecraftServer.java:650) [craftbukkit.jar:git-Bukkit-ed8c725]
	at net.minecraft.server.v1_12_R1.MinecraftServer.run(MinecraftServer.java:554) [craftbukkit.jar:git-Bukkit-ed8c725]
	at java.lang.Thread.run(Unknown Source) [?:1.8.0_421]
[16:21:21] [Server thread/ERROR]: Couldn't save chunk; already in use by another instance of Minecraft?
net.minecraft.server.v1_12_R1.ExceptionWorldConflict: The save is being accessed from another location, aborting
	at net.minecraft.server.v1_12_R1.WorldNBTStorage.checkSession(WorldNBTStorage.java:78) ~[craftbukkit.jar:git-Bukkit-ed8c725]
	at net.minecraft.server.v1_12_R1.World.checkSession(World.java:2692) ~[craftbukkit.jar:git-Bukkit-ed8c725]
	at net.minecraft.server.v1_12_R1.ChunkRegionLoader.a(ChunkRegionLoader.java:118) ~[craftbukkit.jar:git-Bukkit-ed8c725]
	at net.minecraft.server.v1_12_R1.ChunkProviderServer.saveChunk(ChunkProviderServer.java:207) [craftbukkit.jar:git-Bukkit-ed8c725]
	at net.minecraft.server.v1_12_R1.ChunkProviderServer.unloadChunk(ChunkProviderServer.java:299) [craftbukkit.jar:git-Bukkit-ed8c725]
	at net.minecraft.server.v1_12_R1.ChunkProviderServer.unloadChunks(ChunkProviderServer.java:257) [craftbukkit.jar:git-Bukkit-ed8c725]
	at net.minecraft.server.v1_12_R1.WorldServer.doTick(WorldServer.java:242) [craftbukkit.jar:git-Bukkit-ed8c725]
	at net.minecraft.server.v1_12_R1.MinecraftServer.D(MinecraftServer.java:739) [craftbukkit.jar:git-Bukkit-ed8c725]
	at net.minecraft.server.v1_12_R1.DedicatedServer.D(DedicatedServer.java:366) [craftbukkit.jar:git-Bukkit-ed8c725]
	at net.minecraft.server.v1_12_R1.MinecraftServer.C(MinecraftServer.java:650) [craftbukkit.jar:git-Bukkit-ed8c725]
	at net.minecraft.server.v1_12_R1.MinecraftServer.run(MinecraftServer.java:554) [craftbukkit.jar:git-Bukkit-ed8c725]
	at java.lang.Thread.run(Unknown Source) [?:1.8.0_421]
[16:21:26] [Netty Server IO #2/INFO]: <Fortcraft354> worldstate start[m
[16:21:33] [Netty Server IO #2/INFO]: <Fortcraft354> builder set schem=importar[m
[16:21:38] [Netty Server IO #2/INFO]: <Fortcraft354> builder start[m
[16:21:40] [Netty Server IO #2/INFO]: <Fortcraft354> miner start[m
[16:22:01] [Netty Server IO #2/INFO]: <Fortcraft354> explorer set range=12 strategy=spiral[m
[16:22:19] [Netty Server IO #2/INFO]: <Fortcraft354> explorer start x=-480 z=-490[m
[16:22:23] [Server thread/ERROR]: Couldn't save chunk; already in use by another instance of Minecraft?
net.minecraft.server.v1_12_R1.ExceptionWorldConflict: The save is being accessed from another location, aborting
	at net.minecraft.server.v1_12_R1.WorldNBTStorage.checkSession(WorldNBTStorage.java:78) ~[craftbukkit.jar:git-Bukkit-ed8c725]
	at net.minecraft.server.v1_12_R1.World.checkSession(World.java:2692) ~[craftbukkit.jar:git-Bukkit-ed8c725]
	at net.minecraft.server.v1_12_R1.ChunkRegionLoader.a(ChunkRegionLoader.java:118) ~[craftbukkit.jar:git-Bukkit-ed8c725]
	at net.minecraft.server.v1_12_R1.ChunkProviderServer.saveChunk(ChunkProviderServer.java:207) [craftbukkit.jar:git-Bukkit-ed8c725]
	at net.minecraft.server.v1_12_R1.ChunkProviderServer.unloadChunk(ChunkProviderServer.java:299) [craftbukkit.jar:git-Bukkit-ed8c725]
	at net.minecraft.server.v1_12_R1.ChunkProviderServer.unloadChunks(ChunkProviderServer.java:257) [craftbukkit.jar:git-Bukkit-ed8c725]
	at net.minecraft.server.v1_12_R1.WorldServer.doTick(WorldServer.java:242) [craftbukkit.jar:git-Bukkit-ed8c725]
	at net.minecraft.server.v1_12_R1.MinecraftServer.D(MinecraftServer.java:739) [craftbukkit.jar:git-Bukkit-ed8c725]
	at net.minecraft.server.v1_12_R1.DedicatedServer.D(DedicatedServer.java:366) [craftbukkit.jar:git-Bukkit-ed8c725]
	at net.minecraft.server.v1_12_R1.MinecraftServer.C(MinecraftServer.java:650) [craftbukkit.jar:git-Bukkit-ed8c725]
	at net.minecraft.server.v1_12_R1.MinecraftServer.run(MinecraftServer.java:554) [craftbukkit.jar:git-Bukkit-ed8c725]
	at java.lang.Thread.run(Unknown Source) [?:1.8.0_421]
[16:22:23] [Server thread/ERROR]: Couldn't save chunk; already in use by another instance of Minecraft?
net.minecraft.server.v1_12_R1.ExceptionWorldConflict: The save is being accessed from another location, aborting
	at net.minecraft.server.v1_12_R1.WorldNBTStorage.checkSession(WorldNBTStorage.java:78) ~[craftbukkit.jar:git-Bukkit-ed8c725]
	at net.minecraft.server.v1_12_R1.World.checkSession(World.java:2692) ~[craftbukkit.jar:git-Bukkit-ed8c725]
	at net.minecraft.server.v1_12_R1.ChunkRegionLoader.a(ChunkRegionLoader.java:118) ~[craftbukkit.jar:git-Bukkit-ed8c725]
	at net.minecraft.server.v1_12_R1.ChunkProviderServer.saveChunk(ChunkProviderServer.java:207) [craftbukkit.jar:git-Bukkit-ed8c725]
	at net.minecraft.server.v1_12_R1.ChunkProviderServer.unloadChunk(ChunkProviderServer.java:299) [craftbukkit.jar:git-Bukkit-ed8c725]
	at net.minecraft.server.v1_12_R1.ChunkProviderServer.unloadChunks(ChunkProviderServer.java:257) [craftbukkit.jar:git-Bukkit-ed8c725]
	at net.minecraft.server.v1_12_R1.WorldServer.doTick(WorldServer.java:242) [craftbukkit.jar:git-Bukkit-ed8c725]
	at net.minecraft.server.v1_12_R1.MinecraftServer.D(MinecraftServer.java:739) [craftbukkit.jar:git-Bukkit-ed8c725]
	at net.minecraft.server.v1_12_R1.DedicatedServer.D(DedicatedServer.java:366) [craftbukkit.jar:git-Bukkit-ed8c725]
	at net.minecraft.server.v1_12_R1.MinecraftServer.C(MinecraftServer.java:650) [craftbukkit.jar:git-Bukkit-ed8c725]
	at net.minecraft.server.v1_12_R1.MinecraftServer.run(MinecraftServer.java:554) [craftbukkit.jar:git-Bukkit-ed8c725]
	at java.lang.Thread.run(Unknown Source) [?:1.8.0_421]
[16:22:23] [Server thread/ERROR]: Couldn't save chunk; already in use by another instance of Minecraft?
net.minecraft.server.v1_12_R1.ExceptionWorldConflict: The save is being accessed from another location, aborting
	at net.minecraft.server.v1_12_R1.WorldNBTStorage.checkSession(WorldNBTStorage.java:78) ~[craftbukkit.jar:git-Bukkit-ed8c725]
	at net.minecraft.server.v1_12_R1.World.checkSession(World.java:2692) ~[craftbukkit.jar:git-Bukkit-ed8c725]
	at net.minecraft.server.v1_12_R1.ChunkRegionLoader.a(ChunkRegionLoader.java:118) ~[craftbukkit.jar:git-Bukkit-ed8c725]
	at net.minecraft.server.v1_12_R1.ChunkProviderServer.saveChunk(ChunkProviderServer.java:207) [craftbukkit.jar:git-Bukkit-ed8c725]
	at net.minecraft.server.v1_12_R1.ChunkProviderServer.unloadChunk(ChunkProviderServer.java:299) [craftbukkit.jar:git-Bukkit-ed8c725]
	at net.minecraft.server.v1_12_R1.ChunkProviderServer.unloadChunks(ChunkProviderServer.java:257) [craftbukkit.jar:git-Bukkit-ed8c725]
	at net.minecraft.server.v1_12_R1.WorldServer.doTick(WorldServer.java:242) [craftbukkit.jar:git-Bukkit-ed8c725]
	at net.minecraft.server.v1_12_R1.MinecraftServer.D(MinecraftServer.java:739) [craftbukkit.jar:git-Bukkit-ed8c725]
	at net.minecraft.server.v1_12_R1.DedicatedServer.D(DedicatedServer.java:366) [craftbukkit.jar:git-Bukkit-ed8c725]
	at net.minecraft.server.v1_12_R1.MinecraftServer.C(MinecraftServer.java:650) [craftbukkit.jar:git-Bukkit-ed8c725]
	at net.minecraft.server.v1_12_R1.MinecraftServer.run(MinecraftServer.java:554) [craftbukkit.jar:git-Bukkit-ed8c725]
	at java.lang.Thread.run(Unknown Source) [?:1.8.0_421]
[16:22:23] [Server thread/ERROR]: Couldn't save chunk; already in use by another instance of Minecraft?
net.minecraft.server.v1_12_R1.ExceptionWorldConflict: The save is being accessed from another location, aborting
	at net.minecraft.server.v1_12_R1.WorldNBTStorage.checkSession(WorldNBTStorage.java:78) ~[craftbukkit.jar:git-Bukkit-ed8c725]
	at net.minecraft.server.v1_12_R1.World.checkSession(World.java:2692) ~[craftbukkit.jar:git-Bukkit-ed8c725]
	at net.minecraft.server.v1_12_R1.ChunkRegionLoader.a(ChunkRegionLoader.java:118) ~[craftbukkit.jar:git-Bukkit-ed8c725]
	at net.minecraft.server.v1_12_R1.ChunkProviderServer.saveChunk(ChunkProviderServer.java:207) [craftbukkit.jar:git-Bukkit-ed8c725]
	at net.minecraft.server.v1_12_R1.ChunkProviderServer.unloadChunk(ChunkProviderServer.java:299) [craftbukkit.jar:git-Bukkit-ed8c725]
	at net.minecraft.server.v1_12_R1.ChunkProviderServer.unloadChunks(ChunkProviderServer.java:257) [craftbukkit.jar:git-Bukkit-ed8c725]
	at net.minecraft.server.v1_12_R1.WorldServer.doTick(WorldServer.java:242) [craftbukkit.jar:git-Bukkit-ed8c725]
	at net.minecraft.server.v1_12_R1.MinecraftServer.D(MinecraftServer.java:739) [craftbukkit.jar:git-Bukkit-ed8c725]
	at net.minecraft.server.v1_12_R1.DedicatedServer.D(DedicatedServer.java:366) [craftbukkit.jar:git-Bukkit-ed8c725]
	at net.minecraft.server.v1_12_R1.MinecraftServer.C(MinecraftServer.java:650) [craftbukkit.jar:git-Bukkit-ed8c725]
	at net.minecraft.server.v1_12_R1.MinecraftServer.run(MinecraftServer.java:554) [craftbukkit.jar:git-Bukkit-ed8c725]
	at java.lang.Thread.run(Unknown Source) [?:1.8.0_421]
[16:22:23] [Server thread/ERROR]: Couldn't save chunk; already in use by another instance of Minecraft?
net.minecraft.server.v1_12_R1.ExceptionWorldConflict: The save is being accessed from another location, aborting
	at net.minecraft.server.v1_12_R1.WorldNBTStorage.checkSession(WorldNBTStorage.java:78) ~[craftbukkit.jar:git-Bukkit-ed8c725]
	at net.minecraft.server.v1_12_R1.World.checkSession(World.java:2692) ~[craftbukkit.jar:git-Bukkit-ed8c725]
	at net.minecraft.server.v1_12_R1.ChunkRegionLoader.a(ChunkRegionLoader.java:118) ~[craftbukkit.jar:git-Bukkit-ed8c725]
	at net.minecraft.server.v1_12_R1.ChunkProviderServer.saveChunk(ChunkProviderServer.java:207) [craftbukkit.jar:git-Bukkit-ed8c725]
	at net.minecraft.server.v1_12_R1.ChunkProviderServer.unloadChunk(ChunkProviderServer.java:299) [craftbukkit.jar:git-Bukkit-ed8c725]
	at net.minecraft.server.v1_12_R1.ChunkProviderServer.unloadChunks(ChunkProviderServer.java:257) [craftbukkit.jar:git-Bukkit-ed8c725]
	at net.minecraft.server.v1_12_R1.WorldServer.doTick(WorldServer.java:242) [craftbukkit.jar:git-Bukkit-ed8c725]
	at net.minecraft.server.v1_12_R1.MinecraftServer.D(MinecraftServer.java:739) [craftbukkit.jar:git-Bukkit-ed8c725]
	at net.minecraft.server.v1_12_R1.DedicatedServer.D(DedicatedServer.java:366) [craftbukkit.jar:git-Bukkit-ed8c725]
	at net.minecraft.server.v1_12_R1.MinecraftServer.C(MinecraftServer.java:650) [craftbukkit.jar:git-Bukkit-ed8c725]
	at net.minecraft.server.v1_12_R1.MinecraftServer.run(MinecraftServer.java:554) [craftbukkit.jar:git-Bukkit-ed8c725]
	at java.lang.Thread.run(Unknown Source) [?:1.8.0_421]
[16:22:23] [Server thread/ERROR]: Couldn't save chunk; already in use by another instance of Minecraft?
net.minecraft.server.v1_12_R1.ExceptionWorldConflict: The save is being accessed from another location, aborting
	at net.minecraft.server.v1_12_R1.WorldNBTStorage.checkSession(WorldNBTStorage.java:78) ~[craftbukkit.jar:git-Bukkit-ed8c725]
	at net.minecraft.server.v1_12_R1.World.checkSession(World.java:2692) ~[craftbukkit.jar:git-Bukkit-ed8c725]
	at net.minecraft.server.v1_12_R1.ChunkRegionLoader.a(ChunkRegionLoader.java:118) ~[craftbukkit.jar:git-Bukkit-ed8c725]
	at net.minecraft.server.v1_12_R1.ChunkProviderServer.saveChunk(ChunkProviderServer.java:207) [craftbukkit.jar:git-Bukkit-ed8c725]
	at net.minecraft.server.v1_12_R1.ChunkProviderServer.unloadChunk(ChunkProviderServer.java:299) [craftbukkit.jar:git-Bukkit-ed8c725]
	at net.minecraft.server.v1_12_R1.ChunkProviderServer.unloadChunks(ChunkProviderServer.java:257) [craftbukkit.jar:git-Bukkit-ed8c725]
	at net.minecraft.server.v1_12_R1.WorldServer.doTick(WorldServer.java:242) [craftbukkit.jar:git-Bukkit-ed8c725]
	at net.minecraft.server.v1_12_R1.MinecraftServer.D(MinecraftServer.java:739) [craftbukkit.jar:git-Bukkit-ed8c725]
	at net.minecraft.server.v1_12_R1.DedicatedServer.D(DedicatedServer.java:366) [craftbukkit.jar:git-Bukkit-ed8c725]
	at net.minecraft.server.v1_12_R1.MinecraftServer.C(MinecraftServer.java:650) [craftbukkit.jar:git-Bukkit-ed8c725]
	at net.minecraft.server.v1_12_R1.MinecraftServer.run(MinecraftServer.java:554) [craftbukkit.jar:git-Bukkit-ed8c725]
	at java.lang.Thread.run(Unknown Source) [?:1.8.0_421]
[16:22:23] [Server thread/ERROR]: Couldn't save chunk; already in use by another instance of Minecraft?
net.minecraft.server.v1_12_R1.ExceptionWorldConflict: The save is being accessed from another location, aborting
	at net.minecraft.server.v1_12_R1.WorldNBTStorage.checkSession(WorldNBTStorage.java:78) ~[craftbukkit.jar:git-Bukkit-ed8c725]
	at net.minecraft.server.v1_12_R1.World.checkSession(World.java:2692) ~[craftbukkit.jar:git-Bukkit-ed8c725]
	at net.minecraft.server.v1_12_R1.ChunkRegionLoader.a(ChunkRegionLoader.java:118) ~[craftbukkit.jar:git-Bukkit-ed8c725]
	at net.minecraft.server.v1_12_R1.ChunkProviderServer.saveChunk(ChunkProviderServer.java:207) [craftbukkit.jar:git-Bukkit-ed8c725]
	at net.minecraft.server.v1_12_R1.ChunkProviderServer.unloadChunk(ChunkProviderServer.java:299) [craftbukkit.jar:git-Bukkit-ed8c725]
	at net.minecraft.server.v1_12_R1.ChunkProviderServer.unloadChunks(ChunkProviderServer.java:257) [craftbukkit.jar:git-Bukkit-ed8c725]
	at net.minecraft.server.v1_12_R1.WorldServer.doTick(WorldServer.java:242) [craftbukkit.jar:git-Bukkit-ed8c725]
	at net.minecraft.server.v1_12_R1.MinecraftServer.D(MinecraftServer.java:739) [craftbukkit.jar:git-Bukkit-ed8c725]
	at net.minecraft.server.v1_12_R1.DedicatedServer.D(DedicatedServer.java:366) [craftbukkit.jar:git-Bukkit-ed8c725]
	at net.minecraft.server.v1_12_R1.MinecraftServer.C(MinecraftServer.java:650) [craftbukkit.jar:git-Bukkit-ed8c725]
	at net.minecraft.server.v1_12_R1.MinecraftServer.run(MinecraftServer.java:554) [craftbukkit.jar:git-Bukkit-ed8c725]
	at java.lang.Thread.run(Unknown Source) [?:1.8.0_421]
[16:22:23] [Server thread/ERROR]: Couldn't save chunk; already in use by another instance of Minecraft?
net.minecraft.server.v1_12_R1.ExceptionWorldConflict: The save is being accessed from another location, aborting
	at net.minecraft.server.v1_12_R1.WorldNBTStorage.checkSession(WorldNBTStorage.java:78) ~[craftbukkit.jar:git-Bukkit-ed8c725]
	at net.minecraft.server.v1_12_R1.World.checkSession(World.java:2692) ~[craftbukkit.jar:git-Bukkit-ed8c725]
	at net.minecraft.server.v1_12_R1.ChunkRegionLoader.a(ChunkRegionLoader.java:118) ~[craftbukkit.jar:git-Bukkit-ed8c725]
	at net.minecraft.server.v1_12_R1.ChunkProviderServer.saveChunk(ChunkProviderServer.java:207) [craftbukkit.jar:git-Bukkit-ed8c725]
	at net.minecraft.server.v1_12_R1.ChunkProviderServer.unloadChunk(ChunkProviderServer.java:299) [craftbukkit.jar:git-Bukkit-ed8c725]
	at net.minecraft.server.v1_12_R1.ChunkProviderServer.unloadChunks(ChunkProviderServer.java:257) [craftbukkit.jar:git-Bukkit-ed8c725]
	at net.minecraft.server.v1_12_R1.WorldServer.doTick(WorldServer.java:242) [craftbukkit.jar:git-Bukkit-ed8c725]
	at net.minecraft.server.v1_12_R1.MinecraftServer.D(MinecraftServer.java:739) [craftbukkit.jar:git-Bukkit-ed8c725]
	at net.minecraft.server.v1_12_R1.DedicatedServer.D(DedicatedServer.java:366) [craftbukkit.jar:git-Bukkit-ed8c725]
	at net.minecraft.server.v1_12_R1.MinecraftServer.C(MinecraftServer.java:650) [craftbukkit.jar:git-Bukkit-ed8c725]
	at net.minecraft.server.v1_12_R1.MinecraftServer.run(MinecraftServer.java:554) [craftbukkit.jar:git-Bukkit-ed8c725]
	at java.lang.Thread.run(Unknown Source) [?:1.8.0_421]
[16:22:23] [Server thread/ERROR]: Couldn't save chunk; already in use by another instance of Minecraft?
net.minecraft.server.v1_12_R1.ExceptionWorldConflict: The save is being accessed from another location, aborting
	at net.minecraft.server.v1_12_R1.WorldNBTStorage.checkSession(WorldNBTStorage.java:78) ~[craftbukkit.jar:git-Bukkit-ed8c725]
	at net.minecraft.server.v1_12_R1.World.checkSession(World.java:2692) ~[craftbukkit.jar:git-Bukkit-ed8c725]
	at net.minecraft.server.v1_12_R1.ChunkRegionLoader.a(ChunkRegionLoader.java:118) ~[craftbukkit.jar:git-Bukkit-ed8c725]
	at net.minecraft.server.v1_12_R1.ChunkProviderServer.saveChunk(ChunkProviderServer.java:207) [craftbukkit.jar:git-Bukkit-ed8c725]
	at net.minecraft.server.v1_12_R1.ChunkProviderServer.unloadChunk(ChunkProviderServer.java:299) [craftbukkit.jar:git-Bukkit-ed8c725]
	at net.minecraft.server.v1_12_R1.ChunkProviderServer.unloadChunks(ChunkProviderServer.java:257) [craftbukkit.jar:git-Bukkit-ed8c725]
	at net.minecraft.server.v1_12_R1.WorldServer.doTick(WorldServer.java:242) [craftbukkit.jar:git-Bukkit-ed8c725]
	at net.minecraft.server.v1_12_R1.MinecraftServer.D(MinecraftServer.java:739) [craftbukkit.jar:git-Bukkit-ed8c725]
	at net.minecraft.server.v1_12_R1.DedicatedServer.D(DedicatedServer.java:366) [craftbukkit.jar:git-Bukkit-ed8c725]
	at net.minecraft.server.v1_12_R1.MinecraftServer.C(MinecraftServer.java:650) [craftbukkit.jar:git-Bukkit-ed8c725]
	at net.minecraft.server.v1_12_R1.MinecraftServer.run(MinecraftServer.java:554) [craftbukkit.jar:git-Bukkit-ed8c725]
	at java.lang.Thread.run(Unknown Source) [?:1.8.0_421]
[16:22:23] [Server thread/ERROR]: Couldn't save chunk; already in use by another instance of Minecraft?
net.minecraft.server.v1_12_R1.ExceptionWorldConflict: The save is being accessed from another location, aborting
	at net.minecraft.server.v1_12_R1.WorldNBTStorage.checkSession(WorldNBTStorage.java:78) ~[craftbukkit.jar:git-Bukkit-ed8c725]
	at net.minecraft.server.v1_12_R1.World.checkSession(World.java:2692) ~[craftbukkit.jar:git-Bukkit-ed8c725]
	at net.minecraft.server.v1_12_R1.ChunkRegionLoader.a(ChunkRegionLoader.java:118) ~[craftbukkit.jar:git-Bukkit-ed8c725]
	at net.minecraft.server.v1_12_R1.ChunkProviderServer.saveChunk(ChunkProviderServer.java:207) [craftbukkit.jar:git-Bukkit-ed8c725]
	at net.minecraft.server.v1_12_R1.ChunkProviderServer.unloadChunk(ChunkProviderServer.java:299) [craftbukkit.jar:git-Bukkit-ed8c725]
	at net.minecraft.server.v1_12_R1.ChunkProviderServer.unloadChunks(ChunkProviderServer.java:257) [craftbukkit.jar:git-Bukkit-ed8c725]
	at net.minecraft.server.v1_12_R1.WorldServer.doTick(WorldServer.java:242) [craftbukkit.jar:git-Bukkit-ed8c725]
	at net.minecraft.server.v1_12_R1.MinecraftServer.D(MinecraftServer.java:739) [craftbukkit.jar:git-Bukkit-ed8c725]
	at net.minecraft.server.v1_12_R1.DedicatedServer.D(DedicatedServer.java:366) [craftbukkit.jar:git-Bukkit-ed8c725]
	at net.minecraft.server.v1_12_R1.MinecraftServer.C(MinecraftServer.java:650) [craftbukkit.jar:git-Bukkit-ed8c725]
	at net.minecraft.server.v1_12_R1.MinecraftServer.run(MinecraftServer.java:554) [craftbukkit.jar:git-Bukkit-ed8c725]
	at java.lang.Thread.run(Unknown Source) [?:1.8.0_421]
[16:22:23] [Server thread/ERROR]: Couldn't save chunk; already in use by another instance of Minecraft?
net.minecraft.server.v1_12_R1.ExceptionWorldConflict: The save is being accessed from another location, aborting
	at net.minecraft.server.v1_12_R1.WorldNBTStorage.checkSession(WorldNBTStorage.java:78) ~[craftbukkit.jar:git-Bukkit-ed8c725]
	at net.minecraft.server.v1_12_R1.World.checkSession(World.java:2692) ~[craftbukkit.jar:git-Bukkit-ed8c725]
	at net.minecraft.server.v1_12_R1.ChunkRegionLoader.a(ChunkRegionLoader.java:118) ~[craftbukkit.jar:git-Bukkit-ed8c725]
	at net.minecraft.server.v1_12_R1.ChunkProviderServer.saveChunk(ChunkProviderServer.java:207) [craftbukkit.jar:git-Bukkit-ed8c725]
	at net.minecraft.server.v1_12_R1.ChunkProviderServer.unloadChunk(ChunkProviderServer.java:299) [craftbukkit.jar:git-Bukkit-ed8c725]
	at net.minecraft.server.v1_12_R1.ChunkProviderServer.unloadChunks(ChunkProviderServer.java:257) [craftbukkit.jar:git-Bukkit-ed8c725]
	at net.minecraft.server.v1_12_R1.WorldServer.doTick(WorldServer.java:242) [craftbukkit.jar:git-Bukkit-ed8c725]
	at net.minecraft.server.v1_12_R1.MinecraftServer.D(MinecraftServer.java:739) [craftbukkit.jar:git-Bukkit-ed8c725]
	at net.minecraft.server.v1_12_R1.DedicatedServer.D(DedicatedServer.java:366) [craftbukkit.jar:git-Bukkit-ed8c725]
	at net.minecraft.server.v1_12_R1.MinecraftServer.C(MinecraftServer.java:650) [craftbukkit.jar:git-Bukkit-ed8c725]
	at net.minecraft.server.v1_12_R1.MinecraftServer.run(MinecraftServer.java:554) [craftbukkit.jar:git-Bukkit-ed8c725]
	at java.lang.Thread.run(Unknown Source) [?:1.8.0_421]
[16:22:23] [Server thread/ERROR]: Couldn't save chunk; already in use by another instance of Minecraft?
net.minecraft.server.v1_12_R1.ExceptionWorldConflict: The save is being accessed from another location, aborting
	at net.minecraft.server.v1_12_R1.WorldNBTStorage.checkSession(WorldNBTStorage.java:78) ~[craftbukkit.jar:git-Bukkit-ed8c725]
	at net.minecraft.server.v1_12_R1.World.checkSession(World.java:2692) ~[craftbukkit.jar:git-Bukkit-ed8c725]
	at net.minecraft.server.v1_12_R1.ChunkRegionLoader.a(ChunkRegionLoader.java:118) ~[craftbukkit.jar:git-Bukkit-ed8c725]
	at net.minecraft.server.v1_12_R1.ChunkProviderServer.saveChunk(ChunkProviderServer.java:207) [craftbukkit.jar:git-Bukkit-ed8c725]
	at net.minecraft.server.v1_12_R1.ChunkProviderServer.unloadChunk(ChunkProviderServer.java:299) [craftbukkit.jar:git-Bukkit-ed8c725]
	at net.minecraft.server.v1_12_R1.ChunkProviderServer.unloadChunks(ChunkProviderServer.java:257) [craftbukkit.jar:git-Bukkit-ed8c725]
	at net.minecraft.server.v1_12_R1.WorldServer.doTick(WorldServer.java:242) [craftbukkit.jar:git-Bukkit-ed8c725]
	at net.minecraft.server.v1_12_R1.MinecraftServer.D(MinecraftServer.java:739) [craftbukkit.jar:git-Bukkit-ed8c725]
	at net.minecraft.server.v1_12_R1.DedicatedServer.D(DedicatedServer.java:366) [craftbukkit.jar:git-Bukkit-ed8c725]
	at net.minecraft.server.v1_12_R1.MinecraftServer.C(MinecraftServer.java:650) [craftbukkit.jar:git-Bukkit-ed8c725]
	at net.minecraft.server.v1_12_R1.MinecraftServer.run(MinecraftServer.java:554) [craftbukkit.jar:git-Bukkit-ed8c725]
	at java.lang.Thread.run(Unknown Source) [?:1.8.0_421]
[16:22:23] [Server thread/ERROR]: Couldn't save chunk; already in use by another instance of Minecraft?
net.minecraft.server.v1_12_R1.ExceptionWorldConflict: The save is being accessed from another location, aborting
	at net.minecraft.server.v1_12_R1.WorldNBTStorage.checkSession(WorldNBTStorage.java:78) ~[craftbukkit.jar:git-Bukkit-ed8c725]
	at net.minecraft.server.v1_12_R1.World.checkSession(World.java:2692) ~[craftbukkit.jar:git-Bukkit-ed8c725]
	at net.minecraft.server.v1_12_R1.ChunkRegionLoader.a(ChunkRegionLoader.java:118) ~[craftbukkit.jar:git-Bukkit-ed8c725]
	at net.minecraft.server.v1_12_R1.ChunkProviderServer.saveChunk(ChunkProviderServer.java:207) [craftbukkit.jar:git-Bukkit-ed8c725]
	at net.minecraft.server.v1_12_R1.ChunkProviderServer.unloadChunk(ChunkProviderServer.java:299) [craftbukkit.jar:git-Bukkit-ed8c725]
	at net.minecraft.server.v1_12_R1.ChunkProviderServer.unloadChunks(ChunkProviderServer.java:257) [craftbukkit.jar:git-Bukkit-ed8c725]
	at net.minecraft.server.v1_12_R1.WorldServer.doTick(WorldServer.java:242) [craftbukkit.jar:git-Bukkit-ed8c725]
	at net.minecraft.server.v1_12_R1.MinecraftServer.D(MinecraftServer.java:739) [craftbukkit.jar:git-Bukkit-ed8c725]
	at net.minecraft.server.v1_12_R1.DedicatedServer.D(DedicatedServer.java:366) [craftbukkit.jar:git-Bukkit-ed8c725]
	at net.minecraft.server.v1_12_R1.MinecraftServer.C(MinecraftServer.java:650) [craftbukkit.jar:git-Bukkit-ed8c725]
	at net.minecraft.server.v1_12_R1.MinecraftServer.run(MinecraftServer.java:554) [craftbukkit.jar:git-Bukkit-ed8c725]
	at java.lang.Thread.run(Unknown Source) [?:1.8.0_421]
[16:22:23] [Server thread/ERROR]: Couldn't save chunk; already in use by another instance of Minecraft?
net.minecraft.server.v1_12_R1.ExceptionWorldConflict: The save is being accessed from another location, aborting
	at net.minecraft.server.v1_12_R1.WorldNBTStorage.checkSession(WorldNBTStorage.java:78) ~[craftbukkit.jar:git-Bukkit-ed8c725]
	at net.minecraft.server.v1_12_R1.World.checkSession(World.java:2692) ~[craftbukkit.jar:git-Bukkit-ed8c725]
	at net.minecraft.server.v1_12_R1.ChunkRegionLoader.a(ChunkRegionLoader.java:118) ~[craftbukkit.jar:git-Bukkit-ed8c725]
	at net.minecraft.server.v1_12_R1.ChunkProviderServer.saveChunk(ChunkProviderServer.java:207) [craftbukkit.jar:git-Bukkit-ed8c725]
	at net.minecraft.server.v1_12_R1.ChunkProviderServer.unloadChunk(ChunkProviderServer.java:299) [craftbukkit.jar:git-Bukkit-ed8c725]
	at net.minecraft.server.v1_12_R1.ChunkProviderServer.unloadChunks(ChunkProviderServer.java:257) [craftbukkit.jar:git-Bukkit-ed8c725]
	at net.minecraft.server.v1_12_R1.WorldServer.doTick(WorldServer.java:242) [craftbukkit.jar:git-Bukkit-ed8c725]
	at net.minecraft.server.v1_12_R1.MinecraftServer.D(MinecraftServer.java:739) [craftbukkit.jar:git-Bukkit-ed8c725]
	at net.minecraft.server.v1_12_R1.DedicatedServer.D(DedicatedServer.java:366) [craftbukkit.jar:git-Bukkit-ed8c725]
	at net.minecraft.server.v1_12_R1.MinecraftServer.C(MinecraftServer.java:650) [craftbukkit.jar:git-Bukkit-ed8c725]
	at net.minecraft.server.v1_12_R1.MinecraftServer.run(MinecraftServer.java:554) [craftbukkit.jar:git-Bukkit-ed8c725]
	at java.lang.Thread.run(Unknown Source) [?:1.8.0_421]
[16:22:23] [Server thread/ERROR]: Couldn't save chunk; already in use by another instance of Minecraft?
net.minecraft.server.v1_12_R1.ExceptionWorldConflict: The save is being accessed from another location, aborting
	at net.minecraft.server.v1_12_R1.WorldNBTStorage.checkSession(WorldNBTStorage.java:78) ~[craftbukkit.jar:git-Bukkit-ed8c725]
	at net.minecraft.server.v1_12_R1.World.checkSession(World.java:2692) ~[craftbukkit.jar:git-Bukkit-ed8c725]
	at net.minecraft.server.v1_12_R1.ChunkRegionLoader.a(ChunkRegionLoader.java:118) ~[craftbukkit.jar:git-Bukkit-ed8c725]
	at net.minecraft.server.v1_12_R1.ChunkProviderServer.saveChunk(ChunkProviderServer.java:207) [craftbukkit.jar:git-Bukkit-ed8c725]
	at net.minecraft.server.v1_12_R1.ChunkProviderServer.unloadChunk(ChunkProviderServer.java:299) [craftbukkit.jar:git-Bukkit-ed8c725]
	at net.minecraft.server.v1_12_R1.ChunkProviderServer.unloadChunks(ChunkProviderServer.java:257) [craftbukkit.jar:git-Bukkit-ed8c725]
	at net.minecraft.server.v1_12_R1.WorldServer.doTick(WorldServer.java:242) [craftbukkit.jar:git-Bukkit-ed8c725]
	at net.minecraft.server.v1_12_R1.MinecraftServer.D(MinecraftServer.java:739) [craftbukkit.jar:git-Bukkit-ed8c725]
	at net.minecraft.server.v1_12_R1.DedicatedServer.D(DedicatedServer.java:366) [craftbukkit.jar:git-Bukkit-ed8c725]
	at net.minecraft.server.v1_12_R1.MinecraftServer.C(MinecraftServer.java:650) [craftbukkit.jar:git-Bukkit-ed8c725]
	at net.minecraft.server.v1_12_R1.MinecraftServer.run(MinecraftServer.java:554) [craftbukkit.jar:git-Bukkit-ed8c725]
	at java.lang.Thread.run(Unknown Source) [?:1.8.0_421]
[16:22:23] [Server thread/ERROR]: Couldn't save chunk; already in use by another instance of Minecraft?
net.minecraft.server.v1_12_R1.ExceptionWorldConflict: The save is being accessed from another location, aborting
	at net.minecraft.server.v1_12_R1.WorldNBTStorage.checkSession(WorldNBTStorage.java:78) ~[craftbukkit.jar:git-Bukkit-ed8c725]
	at net.minecraft.server.v1_12_R1.World.checkSession(World.java:2692) ~[craftbukkit.jar:git-Bukkit-ed8c725]
	at net.minecraft.server.v1_12_R1.ChunkRegionLoader.a(ChunkRegionLoader.java:118) ~[craftbukkit.jar:git-Bukkit-ed8c725]
	at net.minecraft.server.v1_12_R1.ChunkProviderServer.saveChunk(ChunkProviderServer.java:207) [craftbukkit.jar:git-Bukkit-ed8c725]
	at net.minecraft.server.v1_12_R1.ChunkProviderServer.unloadChunk(ChunkProviderServer.java:299) [craftbukkit.jar:git-Bukkit-ed8c725]
	at net.minecraft.server.v1_12_R1.ChunkProviderServer.unloadChunks(ChunkProviderServer.java:257) [craftbukkit.jar:git-Bukkit-ed8c725]
	at net.minecraft.server.v1_12_R1.WorldServer.doTick(WorldServer.java:242) [craftbukkit.jar:git-Bukkit-ed8c725]
	at net.minecraft.server.v1_12_R1.MinecraftServer.D(MinecraftServer.java:739) [craftbukkit.jar:git-Bukkit-ed8c725]
	at net.minecraft.server.v1_12_R1.DedicatedServer.D(DedicatedServer.java:366) [craftbukkit.jar:git-Bukkit-ed8c725]
	at net.minecraft.server.v1_12_R1.MinecraftServer.C(MinecraftServer.java:650) [craftbukkit.jar:git-Bukkit-ed8c725]
	at net.minecraft.server.v1_12_R1.MinecraftServer.run(MinecraftServer.java:554) [craftbukkit.jar:git-Bukkit-ed8c725]
	at java.lang.Thread.run(Unknown Source) [?:1.8.0_421]
[16:22:23] [Server thread/ERROR]: Couldn't save chunk; already in use by another instance of Minecraft?
net.minecraft.server.v1_12_R1.ExceptionWorldConflict: The save is being accessed from another location, aborting
	at net.minecraft.server.v1_12_R1.WorldNBTStorage.checkSession(WorldNBTStorage.java:78) ~[craftbukkit.jar:git-Bukkit-ed8c725]
	at net.minecraft.server.v1_12_R1.World.checkSession(World.java:2692) ~[craftbukkit.jar:git-Bukkit-ed8c725]
	at net.minecraft.server.v1_12_R1.ChunkRegionLoader.a(ChunkRegionLoader.java:118) ~[craftbukkit.jar:git-Bukkit-ed8c725]
	at net.minecraft.server.v1_12_R1.ChunkProviderServer.saveChunk(ChunkProviderServer.java:207) [craftbukkit.jar:git-Bukkit-ed8c725]
	at net.minecraft.server.v1_12_R1.ChunkProviderServer.unloadChunk(ChunkProviderServer.java:299) [craftbukkit.jar:git-Bukkit-ed8c725]
	at net.minecraft.server.v1_12_R1.ChunkProviderServer.unloadChunks(ChunkProviderServer.java:257) [craftbukkit.jar:git-Bukkit-ed8c725]
	at net.minecraft.server.v1_12_R1.WorldServer.doTick(WorldServer.java:242) [craftbukkit.jar:git-Bukkit-ed8c725]
	at net.minecraft.server.v1_12_R1.MinecraftServer.D(MinecraftServer.java:739) [craftbukkit.jar:git-Bukkit-ed8c725]
	at net.minecraft.server.v1_12_R1.DedicatedServer.D(DedicatedServer.java:366) [craftbukkit.jar:git-Bukkit-ed8c725]
	at net.minecraft.server.v1_12_R1.MinecraftServer.C(MinecraftServer.java:650) [craftbukkit.jar:git-Bukkit-ed8c725]
	at net.minecraft.server.v1_12_R1.MinecraftServer.run(MinecraftServer.java:554) [craftbukkit.jar:git-Bukkit-ed8c725]
	at java.lang.Thread.run(Unknown Source) [?:1.8.0_421]
[16:22:23] [Server thread/ERROR]: Couldn't save chunk; already in use by another instance of Minecraft?
net.minecraft.server.v1_12_R1.ExceptionWorldConflict: The save is being accessed from another location, aborting
	at net.minecraft.server.v1_12_R1.WorldNBTStorage.checkSession(WorldNBTStorage.java:78) ~[craftbukkit.jar:git-Bukkit-ed8c725]
	at net.minecraft.server.v1_12_R1.World.checkSession(World.java:2692) ~[craftbukkit.jar:git-Bukkit-ed8c725]
	at net.minecraft.server.v1_12_R1.ChunkRegionLoader.a(ChunkRegionLoader.java:118) ~[craftbukkit.jar:git-Bukkit-ed8c725]
	at net.minecraft.server.v1_12_R1.ChunkProviderServer.saveChunk(ChunkProviderServer.java:207) [craftbukkit.jar:git-Bukkit-ed8c725]
	at net.minecraft.server.v1_12_R1.ChunkProviderServer.unloadChunk(ChunkProviderServer.java:299) [craftbukkit.jar:git-Bukkit-ed8c725]
	at net.minecraft.server.v1_12_R1.ChunkProviderServer.unloadChunks(ChunkProviderServer.java:257) [craftbukkit.jar:git-Bukkit-ed8c725]
	at net.minecraft.server.v1_12_R1.WorldServer.doTick(WorldServer.java:242) [craftbukkit.jar:git-Bukkit-ed8c725]
	at net.minecraft.server.v1_12_R1.MinecraftServer.D(MinecraftServer.java:739) [craftbukkit.jar:git-Bukkit-ed8c725]
	at net.minecraft.server.v1_12_R1.DedicatedServer.D(DedicatedServer.java:366) [craftbukkit.jar:git-Bukkit-ed8c725]
	at net.minecraft.server.v1_12_R1.MinecraftServer.C(MinecraftServer.java:650) [craftbukkit.jar:git-Bukkit-ed8c725]
	at net.minecraft.server.v1_12_R1.MinecraftServer.run(MinecraftServer.java:554) [craftbukkit.jar:git-Bukkit-ed8c725]
	at java.lang.Thread.run(Unknown Source) [?:1.8.0_421]
[16:22:23] [Server thread/ERROR]: Couldn't save chunk; already in use by another instance of Minecraft?
net.minecraft.server.v1_12_R1.ExceptionWorldConflict: The save is being accessed from another location, aborting
	at net.minecraft.server.v1_12_R1.WorldNBTStorage.checkSession(WorldNBTStorage.java:78) ~[craftbukkit.jar:git-Bukkit-ed8c725]
	at net.minecraft.server.v1_12_R1.World.checkSession(World.java:2692) ~[craftbukkit.jar:git-Bukkit-ed8c725]
	at net.minecraft.server.v1_12_R1.ChunkRegionLoader.a(ChunkRegionLoader.java:118) ~[craftbukkit.jar:git-Bukkit-ed8c725]
	at net.minecraft.server.v1_12_R1.ChunkProviderServer.saveChunk(ChunkProviderServer.java:207) [craftbukkit.jar:git-Bukkit-ed8c725]
	at net.minecraft.server.v1_12_R1.ChunkProviderServer.unloadChunk(ChunkProviderServer.java:299) [craftbukkit.jar:git-Bukkit-ed8c725]
	at net.minecraft.server.v1_12_R1.ChunkProviderServer.unloadChunks(ChunkProviderServer.java:257) [craftbukkit.jar:git-Bukkit-ed8c725]
	at net.minecraft.server.v1_12_R1.WorldServer.doTick(WorldServer.java:242) [craftbukkit.jar:git-Bukkit-ed8c725]
	at net.minecraft.server.v1_12_R1.MinecraftServer.D(MinecraftServer.java:739) [craftbukkit.jar:git-Bukkit-ed8c725]
	at net.minecraft.server.v1_12_R1.DedicatedServer.D(DedicatedServer.java:366) [craftbukkit.jar:git-Bukkit-ed8c725]
	at net.minecraft.server.v1_12_R1.MinecraftServer.C(MinecraftServer.java:650) [craftbukkit.jar:git-Bukkit-ed8c725]
	at net.minecraft.server.v1_12_R1.MinecraftServer.run(MinecraftServer.java:554) [craftbukkit.jar:git-Bukkit-ed8c725]
	at java.lang.Thread.run(Unknown Source) [?:1.8.0_421]
[16:22:23] [Server thread/ERROR]: Couldn't save chunk; already in use by another instance of Minecraft?
net.minecraft.server.v1_12_R1.ExceptionWorldConflict: The save is being accessed from another location, aborting
	at net.minecraft.server.v1_12_R1.WorldNBTStorage.checkSession(WorldNBTStorage.java:78) ~[craftbukkit.jar:git-Bukkit-ed8c725]
	at net.minecraft.server.v1_12_R1.World.checkSession(World.java:2692) ~[craftbukkit.jar:git-Bukkit-ed8c725]
	at net.minecraft.server.v1_12_R1.ChunkRegionLoader.a(ChunkRegionLoader.java:118) ~[craftbukkit.jar:git-Bukkit-ed8c725]
	at net.minecraft.server.v1_12_R1.ChunkProviderServer.saveChunk(ChunkProviderServer.java:207) [craftbukkit.jar:git-Bukkit-ed8c725]
	at net.minecraft.server.v1_12_R1.ChunkProviderServer.unloadChunk(ChunkProviderServer.java:299) [craftbukkit.jar:git-Bukkit-ed8c725]
	at net.minecraft.server.v1_12_R1.ChunkProviderServer.unloadChunks(ChunkProviderServer.java:257) [craftbukkit.jar:git-Bukkit-ed8c725]
	at net.minecraft.server.v1_12_R1.WorldServer.doTick(WorldServer.java:242) [craftbukkit.jar:git-Bukkit-ed8c725]
	at net.minecraft.server.v1_12_R1.MinecraftServer.D(MinecraftServer.java:739) [craftbukkit.jar:git-Bukkit-ed8c725]
	at net.minecraft.server.v1_12_R1.DedicatedServer.D(DedicatedServer.java:366) [craftbukkit.jar:git-Bukkit-ed8c725]
	at net.minecraft.server.v1_12_R1.MinecraftServer.C(MinecraftServer.java:650) [craftbukkit.jar:git-Bukkit-ed8c725]
	at net.minecraft.server.v1_12_R1.MinecraftServer.run(MinecraftServer.java:554) [craftbukkit.jar:git-Bukkit-ed8c725]
	at java.lang.Thread.run(Unknown Source) [?:1.8.0_421]
[16:22:23] [Server thread/ERROR]: Couldn't save chunk; already in use by another instance of Minecraft?
net.minecraft.server.v1_12_R1.ExceptionWorldConflict: The save is being accessed from another location, aborting
	at net.minecraft.server.v1_12_R1.WorldNBTStorage.checkSession(WorldNBTStorage.java:78) ~[craftbukkit.jar:git-Bukkit-ed8c725]
	at net.minecraft.server.v1_12_R1.World.checkSession(World.java:2692) ~[craftbukkit.jar:git-Bukkit-ed8c725]
	at net.minecraft.server.v1_12_R1.ChunkRegionLoader.a(ChunkRegionLoader.java:118) ~[craftbukkit.jar:git-Bukkit-ed8c725]
	at net.minecraft.server.v1_12_R1.ChunkProviderServer.saveChunk(ChunkProviderServer.java:207) [craftbukkit.jar:git-Bukkit-ed8c725]
	at net.minecraft.server.v1_12_R1.ChunkProviderServer.unloadChunk(ChunkProviderServer.java:299) [craftbukkit.jar:git-Bukkit-ed8c725]
	at net.minecraft.server.v1_12_R1.ChunkProviderServer.unloadChunks(ChunkProviderServer.java:257) [craftbukkit.jar:git-Bukkit-ed8c725]
	at net.minecraft.server.v1_12_R1.WorldServer.doTick(WorldServer.java:242) [craftbukkit.jar:git-Bukkit-ed8c725]
	at net.minecraft.server.v1_12_R1.MinecraftServer.D(MinecraftServer.java:739) [craftbukkit.jar:git-Bukkit-ed8c725]
	at net.minecraft.server.v1_12_R1.DedicatedServer.D(DedicatedServer.java:366) [craftbukkit.jar:git-Bukkit-ed8c725]
	at net.minecraft.server.v1_12_R1.MinecraftServer.C(MinecraftServer.java:650) [craftbukkit.jar:git-Bukkit-ed8c725]
	at net.minecraft.server.v1_12_R1.MinecraftServer.run(MinecraftServer.java:554) [craftbukkit.jar:git-Bukkit-ed8c725]
	at java.lang.Thread.run(Unknown Source) [?:1.8.0_421]
[16:25:47] [Server thread/WARN]: The save is being accessed from another location, aborting
[16:25:47] [Server thread/WARN]: The save is being accessed from another location, aborting
[16:25:47] [Server thread/WARN]: The save is being accessed from another location, aborting
[16:28:03] [Server thread/INFO]: [RaspberryJuice] Closed connection to/127.0.0.1:58954.
[16:28:03] [Server thread/INFO]: [RaspberryJuice] Closed connection to/127.0.0.1:58955.
[16:28:05] [Thread-5/INFO]: [RaspberryJuice] Opened connection to/127.0.0.1:59259.
[16:28:05] [Thread-16/INFO]: [RaspberryJuice] Starting output thread!
[16:28:05] [Thread-15/INFO]: [RaspberryJuice] Starting input thread
[16:28:05] [Thread-5/INFO]: [RaspberryJuice] Opened connection to/127.0.0.1:59260.
[16:28:05] [Thread-17/INFO]: [RaspberryJuice] Starting input thread
[16:28:05] [Thread-18/INFO]: [RaspberryJuice] Starting output thread!
[16:28:09] [Netty Server IO #2/INFO]: <Fortcraft354> worldstate start[m
[16:28:11] [Netty Server IO #2/INFO]: <Fortcraft354> builder set schem=importar[m
[16:28:14] [Netty Server IO #2/INFO]: <Fortcraft354> builder start[m
[16:28:16] [Netty Server IO #2/INFO]: <Fortcraft354> miner start[m
[16:28:19] [Netty Server IO #2/INFO]: <Fortcraft354> explorer set range=12 strategy=spiral[m
[16:28:21] [Netty Server IO #2/INFO]: <Fortcraft354> explorer start x=-480 z=-490[m
[16:30:28] [Server thread/INFO]: [RaspberryJuice] Closed connection to/127.0.0.1:59259.
[16:30:28] [Server thread/INFO]: [RaspberryJuice] Closed connection to/127.0.0.1:59260.
[16:30:29] [Thread-5/INFO]: [RaspberryJuice] Opened connection to/127.0.0.1:59360.
[16:30:29] [Thread-20/INFO]: [RaspberryJuice] Starting output thread!
[16:30:29] [Thread-19/INFO]: [RaspberryJuice] Starting input thread
[16:30:30] [Thread-5/INFO]: [RaspberryJuice] Opened connection to/127.0.0.1:59361.
[16:30:30] [Thread-22/INFO]: [RaspberryJuice] Starting output thread!
[16:30:30] [Thread-21/INFO]: [RaspberryJuice] Starting input thread
[16:30:33] [Netty Server IO #2/INFO]: <Fortcraft354> worldstate start[m
[16:30:35] [Netty Server IO #2/INFO]: <Fortcraft354> builder set schem=importar[m
[16:30:37] [Netty Server IO #2/INFO]: <Fortcraft354> builder start[m
[16:30:39] [Netty Server IO #2/INFO]: <Fortcraft354> miner start[m
[16:30:41] [Netty Server IO #2/INFO]: <Fortcraft354> explorer set range=12 strategy=spiral[m
[16:30:43] [Netty Server IO #2/INFO]: <Fortcraft354> explorer start x=-480 z=-490[m
[16:30:47] [Server thread/WARN]: The save is being accessed from another location, aborting
[16:30:47] [Server thread/WARN]: The save is being accessed from another location, aborting
[16:30:47] [Server thread/WARN]: The save is being accessed from another location, aborting
[16:35:47] [Server thread/WARN]: The save is being accessed from another location, aborting
[16:35:47] [Server thread/WARN]: The save is being accessed from another location, aborting
[16:35:47] [Server thread/WARN]: The save is being accessed from another location, aborting
[16:40:47] [Server thread/WARN]: The save is being accessed from another location, aborting
[16:40:47] [Server thread/WARN]: The save is being accessed from another location, aborting
[16:40:47] [Server thread/WARN]: The save is being accessed from another location, aborting
[16:45:47] [Server thread/WARN]: The save is being accessed from another location, aborting
[16:45:47] [Server thread/WARN]: The save is being accessed from another location, aborting
[16:45:47] [Server thread/WARN]: The save is being accessed from another location, aborting
[16:50:47] [Server thread/WARN]: The save is being accessed from another location, aborting
[16:50:47] [Server thread/WARN]: The save is being accessed from another location, aborting
[16:50:47] [Server thread/WARN]: The save is being accessed from another location, aborting
[16:55:47] [Server thread/WARN]: The save is being accessed from another location, aborting
[16:55:47] [Server thread/WARN]: The save is being accessed from another location, aborting
[16:55:47] [Server thread/WARN]: The save is being accessed from another location, aborting
[16:58:13] [Server thread/INFO]: [RaspberryJuice] Closed connection to/127.0.0.1:59360.
[16:58:13] [Server thread/INFO]: [RaspberryJuice] Closed connection to/127.0.0.1:59361.
[16:58:17] [Thread-5/INFO]: [RaspberryJuice] Opened connection to/127.0.0.1:60208.
[16:58:17] [Thread-24/INFO]: [RaspberryJuice] Starting output thread!
[16:58:17] [Thread-23/INFO]: [RaspberryJuice] Starting input thread
[16:58:17] [Thread-5/INFO]: [RaspberryJuice] Opened connection to/127.0.0.1:60209.
[16:58:17] [Thread-25/INFO]: [RaspberryJuice] Starting input thread
[16:58:17] [Thread-26/INFO]: [RaspberryJuice] Starting output thread!
[16:58:20] [Netty Server IO #2/INFO]: <Fortcraft354> worldstate start[m
[16:58:22] [Netty Server IO #2/INFO]: <Fortcraft354> builder start[m
[16:58:27] [Netty Server IO #2/INFO]: <Fortcraft354> builder stop[m
[16:58:31] [Netty Server IO #2/INFO]: <Fortcraft354> builder set schem=importar[m
[16:58:35] [Netty Server IO #2/INFO]: <Fortcraft354> builder start[m
[16:58:38] [Server thread/INFO]: [RaspberryJuice] Closed connection to/127.0.0.1:60208.
[16:58:38] [Server thread/INFO]: [RaspberryJuice] Closed connection to/127.0.0.1:60209.
[16:58:39] [Thread-5/INFO]: [RaspberryJuice] Opened connection to/127.0.0.1:60233.
[16:58:39] [Thread-27/INFO]: [RaspberryJuice] Starting input thread
[16:58:39] [Thread-28/INFO]: [RaspberryJuice] Starting output thread!
[16:58:39] [Thread-5/INFO]: [RaspberryJuice] Opened connection to/127.0.0.1:60234.
[16:58:39] [Thread-29/INFO]: [RaspberryJuice] Starting input thread
[16:58:39] [Thread-30/INFO]: [RaspberryJuice] Starting output thread!
[16:58:45] [Netty Server IO #2/INFO]: <Fortcraft354> worldstate start[m
[16:58:49] [Netty Server IO #2/INFO]: <Fortcraft354> builder set schem=importar[m
[16:58:51] [Netty Server IO #2/INFO]: <Fortcraft354> builder start[m
[16:58:55] [Netty Server IO #2/INFO]: <Fortcraft354> miner start[m
[16:58:59] [Netty Server IO #2/INFO]: <Fortcraft354> explorer set range=12 strategy=spiral[m
[16:59:03] [Netty Server IO #2/INFO]: <Fortcraft354> explorer start x=-480 z=-490[m
[17:00:47] [Server thread/WARN]: The save is being accessed from another location, aborting
[17:00:47] [Server thread/WARN]: The save is being accessed from another location, aborting
[17:00:47] [Server thread/WARN]: The save is being accessed from another location, aborting
[17:03:25] [Server thread/INFO]: [RaspberryJuice] Closed connection to/127.0.0.1:60233.
[17:03:25] [Server thread/INFO]: [RaspberryJuice] Closed connection to/127.0.0.1:60234.
[17:03:29] [Thread-5/INFO]: [RaspberryJuice] Opened connection to/127.0.0.1:60397.
[17:03:29] [Thread-32/INFO]: [RaspberryJuice] Starting output thread!
[17:03:29] [Thread-31/INFO]: [RaspberryJuice] Starting input thread
[17:03:30] [Thread-5/INFO]: [RaspberryJuice] Opened connection to/127.0.0.1:60399.
[17:03:30] [Thread-34/INFO]: [RaspberryJuice] Starting output thread!
[17:03:30] [Thread-33/INFO]: [RaspberryJuice] Starting input thread
[17:03:33] [Netty Server IO #2/INFO]: <Fortcraft354> worldstate start[m
[17:03:34] [Netty Server IO #2/INFO]: <Fortcraft354> builder set schem=importar[m
[17:03:36] [Netty Server IO #2/INFO]: <Fortcraft354> builder start[m
[17:03:39] [Netty Server IO #2/INFO]: <Fortcraft354> miner start[m
[17:03:42] [Netty Server IO #2/INFO]: <Fortcraft354> explorer set range=12 strategy=spiral[m
[17:03:44] [Netty Server IO #2/INFO]: <Fortcraft354> explorer start x=-480 z=-490[m
[17:04:52] [Server thread/ERROR]: Couldn't save chunk; already in use by another instance of Minecraft?
net.minecraft.server.v1_12_R1.ExceptionWorldConflict: The save is being accessed from another location, aborting
	at net.minecraft.server.v1_12_R1.WorldNBTStorage.checkSession(WorldNBTStorage.java:78) ~[craftbukkit.jar:git-Bukkit-ed8c725]
	at net.minecraft.server.v1_12_R1.World.checkSession(World.java:2692) ~[craftbukkit.jar:git-Bukkit-ed8c725]
	at net.minecraft.server.v1_12_R1.ChunkRegionLoader.a(ChunkRegionLoader.java:118) ~[craftbukkit.jar:git-Bukkit-ed8c725]
	at net.minecraft.server.v1_12_R1.ChunkProviderServer.saveChunk(ChunkProviderServer.java:207) [craftbukkit.jar:git-Bukkit-ed8c725]
	at net.minecraft.server.v1_12_R1.ChunkProviderServer.unloadChunk(ChunkProviderServer.java:299) [craftbukkit.jar:git-Bukkit-ed8c725]
	at net.minecraft.server.v1_12_R1.ChunkProviderServer.unloadChunks(ChunkProviderServer.java:257) [craftbukkit.jar:git-Bukkit-ed8c725]
	at net.minecraft.server.v1_12_R1.WorldServer.doTick(WorldServer.java:242) [craftbukkit.jar:git-Bukkit-ed8c725]
	at net.minecraft.server.v1_12_R1.MinecraftServer.D(MinecraftServer.java:739) [craftbukkit.jar:git-Bukkit-ed8c725]
	at net.minecraft.server.v1_12_R1.DedicatedServer.D(DedicatedServer.java:366) [craftbukkit.jar:git-Bukkit-ed8c725]
	at net.minecraft.server.v1_12_R1.MinecraftServer.C(MinecraftServer.java:650) [craftbukkit.jar:git-Bukkit-ed8c725]
	at net.minecraft.server.v1_12_R1.MinecraftServer.run(MinecraftServer.java:554) [craftbukkit.jar:git-Bukkit-ed8c725]
	at java.lang.Thread.run(Unknown Source) [?:1.8.0_421]
[17:04:52] [Server thread/ERROR]: Couldn't save chunk; already in use by another instance of Minecraft?
net.minecraft.server.v1_12_R1.ExceptionWorldConflict: The save is being accessed from another location, aborting
	at net.minecraft.server.v1_12_R1.WorldNBTStorage.checkSession(WorldNBTStorage.java:78) ~[craftbukkit.jar:git-Bukkit-ed8c725]
	at net.minecraft.server.v1_12_R1.World.checkSession(World.java:2692) ~[craftbukkit.jar:git-Bukkit-ed8c725]
	at net.minecraft.server.v1_12_R1.ChunkRegionLoader.a(ChunkRegionLoader.java:118) ~[craftbukkit.jar:git-Bukkit-ed8c725]
	at net.minecraft.server.v1_12_R1.ChunkProviderServer.saveChunk(ChunkProviderServer.java:207) [craftbukkit.jar:git-Bukkit-ed8c725]
	at net.minecraft.server.v1_12_R1.ChunkProviderServer.unloadChunk(ChunkProviderServer.java:299) [craftbukkit.jar:git-Bukkit-ed8c725]
	at net.minecraft.server.v1_12_R1.ChunkProviderServer.unloadChunks(ChunkProviderServer.java:257) [craftbukkit.jar:git-Bukkit-ed8c725]
	at net.minecraft.server.v1_12_R1.WorldServer.doTick(WorldServer.java:242) [craftbukkit.jar:git-Bukkit-ed8c725]
	at net.minecraft.server.v1_12_R1.MinecraftServer.D(MinecraftServer.java:739) [craftbukkit.jar:git-Bukkit-ed8c725]
	at net.minecraft.server.v1_12_R1.DedicatedServer.D(DedicatedServer.java:366) [craftbukkit.jar:git-Bukkit-ed8c725]
	at net.minecraft.server.v1_12_R1.MinecraftServer.C(MinecraftServer.java:650) [craftbukkit.jar:git-Bukkit-ed8c725]
	at net.minecraft.server.v1_12_R1.MinecraftServer.run(MinecraftServer.java:554) [craftbukkit.jar:git-Bukkit-ed8c725]
	at java.lang.Thread.run(Unknown Source) [?:1.8.0_421]
[17:04:52] [Server thread/ERROR]: Couldn't save chunk; already in use by another instance of Minecraft?
net.minecraft.server.v1_12_R1.ExceptionWorldConflict: The save is being accessed from another location, aborting
	at net.minecraft.server.v1_12_R1.WorldNBTStorage.checkSession(WorldNBTStorage.java:78) ~[craftbukkit.jar:git-Bukkit-ed8c725]
	at net.minecraft.server.v1_12_R1.World.checkSession(World.java:2692) ~[craftbukkit.jar:git-Bukkit-ed8c725]
	at net.minecraft.server.v1_12_R1.ChunkRegionLoader.a(ChunkRegionLoader.java:118) ~[craftbukkit.jar:git-Bukkit-ed8c725]
	at net.minecraft.server.v1_12_R1.ChunkProviderServer.saveChunk(ChunkProviderServer.java:207) [craftbukkit.jar:git-Bukkit-ed8c725]
	at net.minecraft.server.v1_12_R1.ChunkProviderServer.unloadChunk(ChunkProviderServer.java:299) [craftbukkit.jar:git-Bukkit-ed8c725]
	at net.minecraft.server.v1_12_R1.ChunkProviderServer.unloadChunks(ChunkProviderServer.java:257) [craftbukkit.jar:git-Bukkit-ed8c725]
	at net.minecraft.server.v1_12_R1.WorldServer.doTick(WorldServer.java:242) [craftbukkit.jar:git-Bukkit-ed8c725]
	at net.minecraft.server.v1_12_R1.MinecraftServer.D(MinecraftServer.java:739) [craftbukkit.jar:git-Bukkit-ed8c725]
	at net.minecraft.server.v1_12_R1.DedicatedServer.D(DedicatedServer.java:366) [craftbukkit.jar:git-Bukkit-ed8c725]
	at net.minecraft.server.v1_12_R1.MinecraftServer.C(MinecraftServer.java:650) [craftbukkit.jar:git-Bukkit-ed8c725]
	at net.minecraft.server.v1_12_R1.MinecraftServer.run(MinecraftServer.java:554) [craftbukkit.jar:git-Bukkit-ed8c725]
	at java.lang.Thread.run(Unknown Source) [?:1.8.0_421]
[17:05:22] [Server thread/ERROR]: Couldn't save chunk; already in use by another instance of Minecraft?
net.minecraft.server.v1_12_R1.ExceptionWorldConflict: The save is being accessed from another location, aborting
	at net.minecraft.server.v1_12_R1.WorldNBTStorage.checkSession(WorldNBTStorage.java:78) ~[craftbukkit.jar:git-Bukkit-ed8c725]
	at net.minecraft.server.v1_12_R1.World.checkSession(World.java:2692) ~[craftbukkit.jar:git-Bukkit-ed8c725]
	at net.minecraft.server.v1_12_R1.ChunkRegionLoader.a(ChunkRegionLoader.java:118) ~[craftbukkit.jar:git-Bukkit-ed8c725]
	at net.minecraft.server.v1_12_R1.ChunkProviderServer.saveChunk(ChunkProviderServer.java:207) [craftbukkit.jar:git-Bukkit-ed8c725]
	at net.minecraft.server.v1_12_R1.ChunkProviderServer.unloadChunk(ChunkProviderServer.java:299) [craftbukkit.jar:git-Bukkit-ed8c725]
	at net.minecraft.server.v1_12_R1.ChunkProviderServer.unloadChunks(ChunkProviderServer.java:257) [craftbukkit.jar:git-Bukkit-ed8c725]
	at net.minecraft.server.v1_12_R1.WorldServer.doTick(WorldServer.java:242) [craftbukkit.jar:git-Bukkit-ed8c725]
	at net.minecraft.server.v1_12_R1.MinecraftServer.D(MinecraftServer.java:739) [craftbukkit.jar:git-Bukkit-ed8c725]
	at net.minecraft.server.v1_12_R1.DedicatedServer.D(DedicatedServer.java:366) [craftbukkit.jar:git-Bukkit-ed8c725]
	at net.minecraft.server.v1_12_R1.MinecraftServer.C(MinecraftServer.java:650) [craftbukkit.jar:git-Bukkit-ed8c725]
	at net.minecraft.server.v1_12_R1.MinecraftServer.run(MinecraftServer.java:554) [craftbukkit.jar:git-Bukkit-ed8c725]
	at java.lang.Thread.run(Unknown Source) [?:1.8.0_421]
[17:05:22] [Server thread/ERROR]: Couldn't save chunk; already in use by another instance of Minecraft?
net.minecraft.server.v1_12_R1.ExceptionWorldConflict: The save is being accessed from another location, aborting
	at net.minecraft.server.v1_12_R1.WorldNBTStorage.checkSession(WorldNBTStorage.java:78) ~[craftbukkit.jar:git-Bukkit-ed8c725]
	at net.minecraft.server.v1_12_R1.World.checkSession(World.java:2692) ~[craftbukkit.jar:git-Bukkit-ed8c725]
	at net.minecraft.server.v1_12_R1.ChunkRegionLoader.a(ChunkRegionLoader.java:118) ~[craftbukkit.jar:git-Bukkit-ed8c725]
	at net.minecraft.server.v1_12_R1.ChunkProviderServer.saveChunk(ChunkProviderServer.java:207) [craftbukkit.jar:git-Bukkit-ed8c725]
	at net.minecraft.server.v1_12_R1.ChunkProviderServer.unloadChunk(ChunkProviderServer.java:299) [craftbukkit.jar:git-Bukkit-ed8c725]
	at net.minecraft.server.v1_12_R1.ChunkProviderServer.unloadChunks(ChunkProviderServer.java:257) [craftbukkit.jar:git-Bukkit-ed8c725]
	at net.minecraft.server.v1_12_R1.WorldServer.doTick(WorldServer.java:242) [craftbukkit.jar:git-Bukkit-ed8c725]
	at net.minecraft.server.v1_12_R1.MinecraftServer.D(MinecraftServer.java:739) [craftbukkit.jar:git-Bukkit-ed8c725]
	at net.minecraft.server.v1_12_R1.DedicatedServer.D(DedicatedServer.java:366) [craftbukkit.jar:git-Bukkit-ed8c725]
	at net.minecraft.server.v1_12_R1.MinecraftServer.C(MinecraftServer.java:650) [craftbukkit.jar:git-Bukkit-ed8c725]
	at net.minecraft.server.v1_12_R1.MinecraftServer.run(MinecraftServer.java:554) [craftbukkit.jar:git-Bukkit-ed8c725]
	at java.lang.Thread.run(Unknown Source) [?:1.8.0_421]
[17:05:22] [Server thread/ERROR]: Couldn't save chunk; already in use by another instance of Minecraft?
net.minecraft.server.v1_12_R1.ExceptionWorldConflict: The save is being accessed from another location, aborting
	at net.minecraft.server.v1_12_R1.WorldNBTStorage.checkSession(WorldNBTStorage.java:78) ~[craftbukkit.jar:git-Bukkit-ed8c725]
	at net.minecraft.server.v1_12_R1.World.checkSession(World.java:2692) ~[craftbukkit.jar:git-Bukkit-ed8c725]
	at net.minecraft.server.v1_12_R1.ChunkRegionLoader.a(ChunkRegionLoader.java:118) ~[craftbukkit.jar:git-Bukkit-ed8c725]
	at net.minecraft.server.v1_12_R1.ChunkProviderServer.saveChunk(ChunkProviderServer.java:207) [craftbukkit.jar:git-Bukkit-ed8c725]
	at net.minecraft.server.v1_12_R1.ChunkProviderServer.unloadChunk(ChunkProviderServer.java:299) [craftbukkit.jar:git-Bukkit-ed8c725]
	at net.minecraft.server.v1_12_R1.ChunkProviderServer.unloadChunks(ChunkProviderServer.java:257) [craftbukkit.jar:git-Bukkit-ed8c725]
	at net.minecraft.server.v1_12_R1.WorldServer.doTick(WorldServer.java:242) [craftbukkit.jar:git-Bukkit-ed8c725]
	at net.minecraft.server.v1_12_R1.MinecraftServer.D(MinecraftServer.java:739) [craftbukkit.jar:git-Bukkit-ed8c725]
	at net.minecraft.server.v1_12_R1.DedicatedServer.D(DedicatedServer.java:366) [craftbukkit.jar:git-Bukkit-ed8c725]
	at net.minecraft.server.v1_12_R1.MinecraftServer.C(MinecraftServer.java:650) [craftbukkit.jar:git-Bukkit-ed8c725]
	at net.minecraft.server.v1_12_R1.MinecraftServer.run(MinecraftServer.java:554) [craftbukkit.jar:git-Bukkit-ed8c725]
	at java.lang.Thread.run(Unknown Source) [?:1.8.0_421]
[17:05:22] [Server thread/ERROR]: Couldn't save chunk; already in use by another instance of Minecraft?
net.minecraft.server.v1_12_R1.ExceptionWorldConflict: The save is being accessed from another location, aborting
	at net.minecraft.server.v1_12_R1.WorldNBTStorage.checkSession(WorldNBTStorage.java:78) ~[craftbukkit.jar:git-Bukkit-ed8c725]
	at net.minecraft.server.v1_12_R1.World.checkSession(World.java:2692) ~[craftbukkit.jar:git-Bukkit-ed8c725]
	at net.minecraft.server.v1_12_R1.ChunkRegionLoader.a(ChunkRegionLoader.java:118) ~[craftbukkit.jar:git-Bukkit-ed8c725]
	at net.minecraft.server.v1_12_R1.ChunkProviderServer.saveChunk(ChunkProviderServer.java:207) [craftbukkit.jar:git-Bukkit-ed8c725]
	at net.minecraft.server.v1_12_R1.ChunkProviderServer.unloadChunk(ChunkProviderServer.java:299) [craftbukkit.jar:git-Bukkit-ed8c725]
	at net.minecraft.server.v1_12_R1.ChunkProviderServer.unloadChunks(ChunkProviderServer.java:257) [craftbukkit.jar:git-Bukkit-ed8c725]
	at net.minecraft.server.v1_12_R1.WorldServer.doTick(WorldServer.java:242) [craftbukkit.jar:git-Bukkit-ed8c725]
	at net.minecraft.server.v1_12_R1.MinecraftServer.D(MinecraftServer.java:739) [craftbukkit.jar:git-Bukkit-ed8c725]
	at net.minecraft.server.v1_12_R1.DedicatedServer.D(DedicatedServer.java:366) [craftbukkit.jar:git-Bukkit-ed8c725]
	at net.minecraft.server.v1_12_R1.MinecraftServer.C(MinecraftServer.java:650) [craftbukkit.jar:git-Bukkit-ed8c725]
	at net.minecraft.server.v1_12_R1.MinecraftServer.run(MinecraftServer.java:554) [craftbukkit.jar:git-Bukkit-ed8c725]
	at java.lang.Thread.run(Unknown Source) [?:1.8.0_421]
[17:05:46] [Server thread/ERROR]: Couldn't save chunk; already in use by another instance of Minecraft?
net.minecraft.server.v1_12_R1.ExceptionWorldConflict: The save is being accessed from another location, aborting
	at net.minecraft.server.v1_12_R1.WorldNBTStorage.checkSession(WorldNBTStorage.java:78) ~[craftbukkit.jar:git-Bukkit-ed8c725]
	at net.minecraft.server.v1_12_R1.World.checkSession(World.java:2692) ~[craftbukkit.jar:git-Bukkit-ed8c725]
	at net.minecraft.server.v1_12_R1.ChunkRegionLoader.a(ChunkRegionLoader.java:118) ~[craftbukkit.jar:git-Bukkit-ed8c725]
	at net.minecraft.server.v1_12_R1.ChunkProviderServer.saveChunk(ChunkProviderServer.java:207) [craftbukkit.jar:git-Bukkit-ed8c725]
	at net.minecraft.server.v1_12_R1.ChunkProviderServer.unloadChunk(ChunkProviderServer.java:299) [craftbukkit.jar:git-Bukkit-ed8c725]
	at net.minecraft.server.v1_12_R1.ChunkProviderServer.unloadChunks(ChunkProviderServer.java:257) [craftbukkit.jar:git-Bukkit-ed8c725]
	at net.minecraft.server.v1_12_R1.WorldServer.doTick(WorldServer.java:242) [craftbukkit.jar:git-Bukkit-ed8c725]
	at net.minecraft.server.v1_12_R1.MinecraftServer.D(MinecraftServer.java:739) [craftbukkit.jar:git-Bukkit-ed8c725]
	at net.minecraft.server.v1_12_R1.DedicatedServer.D(DedicatedServer.java:366) [craftbukkit.jar:git-Bukkit-ed8c725]
	at net.minecraft.server.v1_12_R1.MinecraftServer.C(MinecraftServer.java:650) [craftbukkit.jar:git-Bukkit-ed8c725]
	at net.minecraft.server.v1_12_R1.MinecraftServer.run(MinecraftServer.java:554) [craftbukkit.jar:git-Bukkit-ed8c725]
	at java.lang.Thread.run(Unknown Source) [?:1.8.0_421]
[17:05:46] [Server thread/ERROR]: Couldn't save chunk; already in use by another instance of Minecraft?
net.minecraft.server.v1_12_R1.ExceptionWorldConflict: The save is being accessed from another location, aborting
	at net.minecraft.server.v1_12_R1.WorldNBTStorage.checkSession(WorldNBTStorage.java:78) ~[craftbukkit.jar:git-Bukkit-ed8c725]
	at net.minecraft.server.v1_12_R1.World.checkSession(World.java:2692) ~[craftbukkit.jar:git-Bukkit-ed8c725]
	at net.minecraft.server.v1_12_R1.ChunkRegionLoader.a(ChunkRegionLoader.java:118) ~[craftbukkit.jar:git-Bukkit-ed8c725]
	at net.minecraft.server.v1_12_R1.ChunkProviderServer.saveChunk(ChunkProviderServer.java:207) [craftbukkit.jar:git-Bukkit-ed8c725]
	at net.minecraft.server.v1_12_R1.ChunkProviderServer.unloadChunk(ChunkProviderServer.java:299) [craftbukkit.jar:git-Bukkit-ed8c725]
	at net.minecraft.server.v1_12_R1.ChunkProviderServer.unloadChunks(ChunkProviderServer.java:257) [craftbukkit.jar:git-Bukkit-ed8c725]
	at net.minecraft.server.v1_12_R1.WorldServer.doTick(WorldServer.java:242) [craftbukkit.jar:git-Bukkit-ed8c725]
	at net.minecraft.server.v1_12_R1.MinecraftServer.D(MinecraftServer.java:739) [craftbukkit.jar:git-Bukkit-ed8c725]
	at net.minecraft.server.v1_12_R1.DedicatedServer.D(DedicatedServer.java:366) [craftbukkit.jar:git-Bukkit-ed8c725]
	at net.minecraft.server.v1_12_R1.MinecraftServer.C(MinecraftServer.java:650) [craftbukkit.jar:git-Bukkit-ed8c725]
	at net.minecraft.server.v1_12_R1.MinecraftServer.run(MinecraftServer.java:554) [craftbukkit.jar:git-Bukkit-ed8c725]
	at java.lang.Thread.run(Unknown Source) [?:1.8.0_421]
[17:05:46] [Server thread/ERROR]: Couldn't save chunk; already in use by another instance of Minecraft?
net.minecraft.server.v1_12_R1.ExceptionWorldConflict: The save is being accessed from another location, aborting
	at net.minecraft.server.v1_12_R1.WorldNBTStorage.checkSession(WorldNBTStorage.java:78) ~[craftbukkit.jar:git-Bukkit-ed8c725]
	at net.minecraft.server.v1_12_R1.World.checkSession(World.java:2692) ~[craftbukkit.jar:git-Bukkit-ed8c725]
	at net.minecraft.server.v1_12_R1.ChunkRegionLoader.a(ChunkRegionLoader.java:118) ~[craftbukkit.jar:git-Bukkit-ed8c725]
	at net.minecraft.server.v1_12_R1.ChunkProviderServer.saveChunk(ChunkProviderServer.java:207) [craftbukkit.jar:git-Bukkit-ed8c725]
	at net.minecraft.server.v1_12_R1.ChunkProviderServer.unloadChunk(ChunkProviderServer.java:299) [craftbukkit.jar:git-Bukkit-ed8c725]
	at net.minecraft.server.v1_12_R1.ChunkProviderServer.unloadChunks(ChunkProviderServer.java:257) [craftbukkit.jar:git-Bukkit-ed8c725]
	at net.minecraft.server.v1_12_R1.WorldServer.doTick(WorldServer.java:242) [craftbukkit.jar:git-Bukkit-ed8c725]
	at net.minecraft.server.v1_12_R1.MinecraftServer.D(MinecraftServer.java:739) [craftbukkit.jar:git-Bukkit-ed8c725]
	at net.minecraft.server.v1_12_R1.DedicatedServer.D(DedicatedServer.java:366) [craftbukkit.jar:git-Bukkit-ed8c725]
	at net.minecraft.server.v1_12_R1.MinecraftServer.C(MinecraftServer.java:650) [craftbukkit.jar:git-Bukkit-ed8c725]
	at net.minecraft.server.v1_12_R1.MinecraftServer.run(MinecraftServer.java:554) [craftbukkit.jar:git-Bukkit-ed8c725]
	at java.lang.Thread.run(Unknown Source) [?:1.8.0_421]
[17:05:46] [Server thread/ERROR]: Couldn't save chunk; already in use by another instance of Minecraft?
net.minecraft.server.v1_12_R1.ExceptionWorldConflict: The save is being accessed from another location, aborting
	at net.minecraft.server.v1_12_R1.WorldNBTStorage.checkSession(WorldNBTStorage.java:78) ~[craftbukkit.jar:git-Bukkit-ed8c725]
	at net.minecraft.server.v1_12_R1.World.checkSession(World.java:2692) ~[craftbukkit.jar:git-Bukkit-ed8c725]
	at net.minecraft.server.v1_12_R1.ChunkRegionLoader.a(ChunkRegionLoader.java:118) ~[craftbukkit.jar:git-Bukkit-ed8c725]
	at net.minecraft.server.v1_12_R1.ChunkProviderServer.saveChunk(ChunkProviderServer.java:207) [craftbukkit.jar:git-Bukkit-ed8c725]
	at net.minecraft.server.v1_12_R1.ChunkProviderServer.unloadChunk(ChunkProviderServer.java:299) [craftbukkit.jar:git-Bukkit-ed8c725]
	at net.minecraft.server.v1_12_R1.ChunkProviderServer.unloadChunks(ChunkProviderServer.java:257) [craftbukkit.jar:git-Bukkit-ed8c725]
	at net.minecraft.server.v1_12_R1.WorldServer.doTick(WorldServer.java:242) [craftbukkit.jar:git-Bukkit-ed8c725]
	at net.minecraft.server.v1_12_R1.MinecraftServer.D(MinecraftServer.java:739) [craftbukkit.jar:git-Bukkit-ed8c725]
	at net.minecraft.server.v1_12_R1.DedicatedServer.D(DedicatedServer.java:366) [craftbukkit.jar:git-Bukkit-ed8c725]
	at net.minecraft.server.v1_12_R1.MinecraftServer.C(MinecraftServer.java:650) [craftbukkit.jar:git-Bukkit-ed8c725]
	at net.minecraft.server.v1_12_R1.MinecraftServer.run(MinecraftServer.java:554) [craftbukkit.jar:git-Bukkit-ed8c725]
	at java.lang.Thread.run(Unknown Source) [?:1.8.0_421]
[17:05:46] [Server thread/ERROR]: Couldn't save chunk; already in use by another instance of Minecraft?
net.minecraft.server.v1_12_R1.ExceptionWorldConflict: The save is being accessed from another location, aborting
	at net.minecraft.server.v1_12_R1.WorldNBTStorage.checkSession(WorldNBTStorage.java:78) ~[craftbukkit.jar:git-Bukkit-ed8c725]
	at net.minecraft.server.v1_12_R1.World.checkSession(World.java:2692) ~[craftbukkit.jar:git-Bukkit-ed8c725]
	at net.minecraft.server.v1_12_R1.ChunkRegionLoader.a(ChunkRegionLoader.java:118) ~[craftbukkit.jar:git-Bukkit-ed8c725]
	at net.minecraft.server.v1_12_R1.ChunkProviderServer.saveChunk(ChunkProviderServer.java:207) [craftbukkit.jar:git-Bukkit-ed8c725]
	at net.minecraft.server.v1_12_R1.ChunkProviderServer.unloadChunk(ChunkProviderServer.java:299) [craftbukkit.jar:git-Bukkit-ed8c725]
	at net.minecraft.server.v1_12_R1.ChunkProviderServer.unloadChunks(ChunkProviderServer.java:257) [craftbukkit.jar:git-Bukkit-ed8c725]
	at net.minecraft.server.v1_12_R1.WorldServer.doTick(WorldServer.java:242) [craftbukkit.jar:git-Bukkit-ed8c725]
	at net.minecraft.server.v1_12_R1.MinecraftServer.D(MinecraftServer.java:739) [craftbukkit.jar:git-Bukkit-ed8c725]
	at net.minecraft.server.v1_12_R1.DedicatedServer.D(DedicatedServer.java:366) [craftbukkit.jar:git-Bukkit-ed8c725]
	at net.minecraft.server.v1_12_R1.MinecraftServer.C(MinecraftServer.java:650) [craftbukkit.jar:git-Bukkit-ed8c725]
	at net.minecraft.server.v1_12_R1.MinecraftServer.run(MinecraftServer.java:554) [craftbukkit.jar:git-Bukkit-ed8c725]
	at java.lang.Thread.run(Unknown Source) [?:1.8.0_421]
[17:05:46] [Server thread/ERROR]: Couldn't save chunk; already in use by another instance of Minecraft?
net.minecraft.server.v1_12_R1.ExceptionWorldConflict: The save is being accessed from another location, aborting
	at net.minecraft.server.v1_12_R1.WorldNBTStorage.checkSession(WorldNBTStorage.java:78) ~[craftbukkit.jar:git-Bukkit-ed8c725]
	at net.minecraft.server.v1_12_R1.World.checkSession(World.java:2692) ~[craftbukkit.jar:git-Bukkit-ed8c725]
	at net.minecraft.server.v1_12_R1.ChunkRegionLoader.a(ChunkRegionLoader.java:118) ~[craftbukkit.jar:git-Bukkit-ed8c725]
	at net.minecraft.server.v1_12_R1.ChunkProviderServer.saveChunk(ChunkProviderServer.java:207) [craftbukkit.jar:git-Bukkit-ed8c725]
	at net.minecraft.server.v1_12_R1.ChunkProviderServer.unloadChunk(ChunkProviderServer.java:299) [craftbukkit.jar:git-Bukkit-ed8c725]
	at net.minecraft.server.v1_12_R1.ChunkProviderServer.unloadChunks(ChunkProviderServer.java:257) [craftbukkit.jar:git-Bukkit-ed8c725]
	at net.minecraft.server.v1_12_R1.WorldServer.doTick(WorldServer.java:242) [craftbukkit.jar:git-Bukkit-ed8c725]
	at net.minecraft.server.v1_12_R1.MinecraftServer.D(MinecraftServer.java:739) [craftbukkit.jar:git-Bukkit-ed8c725]
	at net.minecraft.server.v1_12_R1.DedicatedServer.D(DedicatedServer.java:366) [craftbukkit.jar:git-Bukkit-ed8c725]
	at net.minecraft.server.v1_12_R1.MinecraftServer.C(MinecraftServer.java:650) [craftbukkit.jar:git-Bukkit-ed8c725]
	at net.minecraft.server.v1_12_R1.MinecraftServer.run(MinecraftServer.java:554) [craftbukkit.jar:git-Bukkit-ed8c725]
	at java.lang.Thread.run(Unknown Source) [?:1.8.0_421]
[17:05:46] [Server thread/ERROR]: Couldn't save chunk; already in use by another instance of Minecraft?
net.minecraft.server.v1_12_R1.ExceptionWorldConflict: The save is being accessed from another location, aborting
	at net.minecraft.server.v1_12_R1.WorldNBTStorage.checkSession(WorldNBTStorage.java:78) ~[craftbukkit.jar:git-Bukkit-ed8c725]
	at net.minecraft.server.v1_12_R1.World.checkSession(World.java:2692) ~[craftbukkit.jar:git-Bukkit-ed8c725]
	at net.minecraft.server.v1_12_R1.ChunkRegionLoader.a(ChunkRegionLoader.java:118) ~[craftbukkit.jar:git-Bukkit-ed8c725]
	at net.minecraft.server.v1_12_R1.ChunkProviderServer.saveChunk(ChunkProviderServer.java:207) [craftbukkit.jar:git-Bukkit-ed8c725]
	at net.minecraft.server.v1_12_R1.ChunkProviderServer.unloadChunk(ChunkProviderServer.java:299) [craftbukkit.jar:git-Bukkit-ed8c725]
	at net.minecraft.server.v1_12_R1.ChunkProviderServer.unloadChunks(ChunkProviderServer.java:257) [craftbukkit.jar:git-Bukkit-ed8c725]
	at net.minecraft.server.v1_12_R1.WorldServer.doTick(WorldServer.java:242) [craftbukkit.jar:git-Bukkit-ed8c725]
	at net.minecraft.server.v1_12_R1.MinecraftServer.D(MinecraftServer.java:739) [craftbukkit.jar:git-Bukkit-ed8c725]
	at net.minecraft.server.v1_12_R1.DedicatedServer.D(DedicatedServer.java:366) [craftbukkit.jar:git-Bukkit-ed8c725]
	at net.minecraft.server.v1_12_R1.MinecraftServer.C(MinecraftServer.java:650) [craftbukkit.jar:git-Bukkit-ed8c725]
	at net.minecraft.server.v1_12_R1.MinecraftServer.run(MinecraftServer.java:554) [craftbukkit.jar:git-Bukkit-ed8c725]
	at java.lang.Thread.run(Unknown Source) [?:1.8.0_421]
[17:05:46] [Server thread/ERROR]: Couldn't save chunk; already in use by another instance of Minecraft?
net.minecraft.server.v1_12_R1.ExceptionWorldConflict: The save is being accessed from another location, aborting
	at net.minecraft.server.v1_12_R1.WorldNBTStorage.checkSession(WorldNBTStorage.java:78) ~[craftbukkit.jar:git-Bukkit-ed8c725]
	at net.minecraft.server.v1_12_R1.World.checkSession(World.java:2692) ~[craftbukkit.jar:git-Bukkit-ed8c725]
	at net.minecraft.server.v1_12_R1.ChunkRegionLoader.a(ChunkRegionLoader.java:118) ~[craftbukkit.jar:git-Bukkit-ed8c725]
	at net.minecraft.server.v1_12_R1.ChunkProviderServer.saveChunk(ChunkProviderServer.java:207) [craftbukkit.jar:git-Bukkit-ed8c725]
	at net.minecraft.server.v1_12_R1.ChunkProviderServer.unloadChunk(ChunkProviderServer.java:299) [craftbukkit.jar:git-Bukkit-ed8c725]
	at net.minecraft.server.v1_12_R1.ChunkProviderServer.unloadChunks(ChunkProviderServer.java:257) [craftbukkit.jar:git-Bukkit-ed8c725]
	at net.minecraft.server.v1_12_R1.WorldServer.doTick(WorldServer.java:242) [craftbukkit.jar:git-Bukkit-ed8c725]
	at net.minecraft.server.v1_12_R1.MinecraftServer.D(MinecraftServer.java:739) [craftbukkit.jar:git-Bukkit-ed8c725]
	at net.minecraft.server.v1_12_R1.DedicatedServer.D(DedicatedServer.java:366) [craftbukkit.jar:git-Bukkit-ed8c725]
	at net.minecraft.server.v1_12_R1.MinecraftServer.C(MinecraftServer.java:650) [craftbukkit.jar:git-Bukkit-ed8c725]
	at net.minecraft.server.v1_12_R1.MinecraftServer.run(MinecraftServer.java:554) [craftbukkit.jar:git-Bukkit-ed8c725]
	at java.lang.Thread.run(Unknown Source) [?:1.8.0_421]
[17:05:46] [Server thread/ERROR]: Couldn't save chunk; already in use by another instance of Minecraft?
net.minecraft.server.v1_12_R1.ExceptionWorldConflict: The save is being accessed from another location, aborting
	at net.minecraft.server.v1_12_R1.WorldNBTStorage.checkSession(WorldNBTStorage.java:78) ~[craftbukkit.jar:git-Bukkit-ed8c725]
	at net.minecraft.server.v1_12_R1.World.checkSession(World.java:2692) ~[craftbukkit.jar:git-Bukkit-ed8c725]
	at net.minecraft.server.v1_12_R1.ChunkRegionLoader.a(ChunkRegionLoader.java:118) ~[craftbukkit.jar:git-Bukkit-ed8c725]
	at net.minecraft.server.v1_12_R1.ChunkProviderServer.saveChunk(ChunkProviderServer.java:207) [craftbukkit.jar:git-Bukkit-ed8c725]
	at net.minecraft.server.v1_12_R1.ChunkProviderServer.unloadChunk(ChunkProviderServer.java:299) [craftbukkit.jar:git-Bukkit-ed8c725]
	at net.minecraft.server.v1_12_R1.ChunkProviderServer.unloadChunks(ChunkProviderServer.java:257) [craftbukkit.jar:git-Bukkit-ed8c725]
	at net.minecraft.server.v1_12_R1.WorldServer.doTick(WorldServer.java:242) [craftbukkit.jar:git-Bukkit-ed8c725]
	at net.minecraft.server.v1_12_R1.MinecraftServer.D(MinecraftServer.java:739) [craftbukkit.jar:git-Bukkit-ed8c725]
	at net.minecraft.server.v1_12_R1.DedicatedServer.D(DedicatedServer.java:366) [craftbukkit.jar:git-Bukkit-ed8c725]
	at net.minecraft.server.v1_12_R1.MinecraftServer.C(MinecraftServer.java:650) [craftbukkit.jar:git-Bukkit-ed8c725]
	at net.minecraft.server.v1_12_R1.MinecraftServer.run(MinecraftServer.java:554) [craftbukkit.jar:git-Bukkit-ed8c725]
	at java.lang.Thread.run(Unknown Source) [?:1.8.0_421]
[17:05:46] [Server thread/ERROR]: Couldn't save chunk; already in use by another instance of Minecraft?
net.minecraft.server.v1_12_R1.ExceptionWorldConflict: The save is being accessed from another location, aborting
	at net.minecraft.server.v1_12_R1.WorldNBTStorage.checkSession(WorldNBTStorage.java:78) ~[craftbukkit.jar:git-Bukkit-ed8c725]
	at net.minecraft.server.v1_12_R1.World.checkSession(World.java:2692) ~[craftbukkit.jar:git-Bukkit-ed8c725]
	at net.minecraft.server.v1_12_R1.ChunkRegionLoader.a(ChunkRegionLoader.java:118) ~[craftbukkit.jar:git-Bukkit-ed8c725]
	at net.minecraft.server.v1_12_R1.ChunkProviderServer.saveChunk(ChunkProviderServer.java:207) [craftbukkit.jar:git-Bukkit-ed8c725]
	at net.minecraft.server.v1_12_R1.ChunkProviderServer.unloadChunk(ChunkProviderServer.java:299) [craftbukkit.jar:git-Bukkit-ed8c725]
	at net.minecraft.server.v1_12_R1.ChunkProviderServer.unloadChunks(ChunkProviderServer.java:257) [craftbukkit.jar:git-Bukkit-ed8c725]
	at net.minecraft.server.v1_12_R1.WorldServer.doTick(WorldServer.java:242) [craftbukkit.jar:git-Bukkit-ed8c725]
	at net.minecraft.server.v1_12_R1.MinecraftServer.D(MinecraftServer.java:739) [craftbukkit.jar:git-Bukkit-ed8c725]
	at net.minecraft.server.v1_12_R1.DedicatedServer.D(DedicatedServer.java:366) [craftbukkit.jar:git-Bukkit-ed8c725]
	at net.minecraft.server.v1_12_R1.MinecraftServer.C(MinecraftServer.java:650) [craftbukkit.jar:git-Bukkit-ed8c725]
	at net.minecraft.server.v1_12_R1.MinecraftServer.run(MinecraftServer.java:554) [craftbukkit.jar:git-Bukkit-ed8c725]
	at java.lang.Thread.run(Unknown Source) [?:1.8.0_421]
[17:05:46] [Server thread/ERROR]: Couldn't save chunk; already in use by another instance of Minecraft?
net.minecraft.server.v1_12_R1.ExceptionWorldConflict: The save is being accessed from another location, aborting
	at net.minecraft.server.v1_12_R1.WorldNBTStorage.checkSession(WorldNBTStorage.java:78) ~[craftbukkit.jar:git-Bukkit-ed8c725]
	at net.minecraft.server.v1_12_R1.World.checkSession(World.java:2692) ~[craftbukkit.jar:git-Bukkit-ed8c725]
	at net.minecraft.server.v1_12_R1.ChunkRegionLoader.a(ChunkRegionLoader.java:118) ~[craftbukkit.jar:git-Bukkit-ed8c725]
	at net.minecraft.server.v1_12_R1.ChunkProviderServer.saveChunk(ChunkProviderServer.java:207) [craftbukkit.jar:git-Bukkit-ed8c725]
	at net.minecraft.server.v1_12_R1.ChunkProviderServer.unloadChunk(ChunkProviderServer.java:299) [craftbukkit.jar:git-Bukkit-ed8c725]
	at net.minecraft.server.v1_12_R1.ChunkProviderServer.unloadChunks(ChunkProviderServer.java:257) [craftbukkit.jar:git-Bukkit-ed8c725]
	at net.minecraft.server.v1_12_R1.WorldServer.doTick(WorldServer.java:242) [craftbukkit.jar:git-Bukkit-ed8c725]
	at net.minecraft.server.v1_12_R1.MinecraftServer.D(MinecraftServer.java:739) [craftbukkit.jar:git-Bukkit-ed8c725]
	at net.minecraft.server.v1_12_R1.DedicatedServer.D(DedicatedServer.java:366) [craftbukkit.jar:git-Bukkit-ed8c725]
	at net.minecraft.server.v1_12_R1.MinecraftServer.C(MinecraftServer.java:650) [craftbukkit.jar:git-Bukkit-ed8c725]
	at net.minecraft.server.v1_12_R1.MinecraftServer.run(MinecraftServer.java:554) [craftbukkit.jar:git-Bukkit-ed8c725]
	at java.lang.Thread.run(Unknown Source) [?:1.8.0_421]
[17:05:46] [Server thread/ERROR]: Couldn't save chunk; already in use by another instance of Minecraft?
net.minecraft.server.v1_12_R1.ExceptionWorldConflict: The save is being accessed from another location, aborting
	at net.minecraft.server.v1_12_R1.WorldNBTStorage.checkSession(WorldNBTStorage.java:78) ~[craftbukkit.jar:git-Bukkit-ed8c725]
	at net.minecraft.server.v1_12_R1.World.checkSession(World.java:2692) ~[craftbukkit.jar:git-Bukkit-ed8c725]
	at net.minecraft.server.v1_12_R1.ChunkRegionLoader.a(ChunkRegionLoader.java:118) ~[craftbukkit.jar:git-Bukkit-ed8c725]
	at net.minecraft.server.v1_12_R1.ChunkProviderServer.saveChunk(ChunkProviderServer.java:207) [craftbukkit.jar:git-Bukkit-ed8c725]
	at net.minecraft.server.v1_12_R1.ChunkProviderServer.unloadChunk(ChunkProviderServer.java:299) [craftbukkit.jar:git-Bukkit-ed8c725]
	at net.minecraft.server.v1_12_R1.ChunkProviderServer.unloadChunks(ChunkProviderServer.java:257) [craftbukkit.jar:git-Bukkit-ed8c725]
	at net.minecraft.server.v1_12_R1.WorldServer.doTick(WorldServer.java:242) [craftbukkit.jar:git-Bukkit-ed8c725]
	at net.minecraft.server.v1_12_R1.MinecraftServer.D(MinecraftServer.java:739) [craftbukkit.jar:git-Bukkit-ed8c725]
	at net.minecraft.server.v1_12_R1.DedicatedServer.D(DedicatedServer.java:366) [craftbukkit.jar:git-Bukkit-ed8c725]
	at net.minecraft.server.v1_12_R1.MinecraftServer.C(MinecraftServer.java:650) [craftbukkit.jar:git-Bukkit-ed8c725]
	at net.minecraft.server.v1_12_R1.MinecraftServer.run(MinecraftServer.java:554) [craftbukkit.jar:git-Bukkit-ed8c725]
	at java.lang.Thread.run(Unknown Source) [?:1.8.0_421]
[17:05:46] [Server thread/ERROR]: Couldn't save chunk; already in use by another instance of Minecraft?
net.minecraft.server.v1_12_R1.ExceptionWorldConflict: The save is being accessed from another location, aborting
	at net.minecraft.server.v1_12_R1.WorldNBTStorage.checkSession(WorldNBTStorage.java:78) ~[craftbukkit.jar:git-Bukkit-ed8c725]
	at net.minecraft.server.v1_12_R1.World.checkSession(World.java:2692) ~[craftbukkit.jar:git-Bukkit-ed8c725]
	at net.minecraft.server.v1_12_R1.ChunkRegionLoader.a(ChunkRegionLoader.java:118) ~[craftbukkit.jar:git-Bukkit-ed8c725]
	at net.minecraft.server.v1_12_R1.ChunkProviderServer.saveChunk(ChunkProviderServer.java:207) [craftbukkit.jar:git-Bukkit-ed8c725]
	at net.minecraft.server.v1_12_R1.ChunkProviderServer.unloadChunk(ChunkProviderServer.java:299) [craftbukkit.jar:git-Bukkit-ed8c725]
	at net.minecraft.server.v1_12_R1.ChunkProviderServer.unloadChunks(ChunkProviderServer.java:257) [craftbukkit.jar:git-Bukkit-ed8c725]
	at net.minecraft.server.v1_12_R1.WorldServer.doTick(WorldServer.java:242) [craftbukkit.jar:git-Bukkit-ed8c725]
	at net.minecraft.server.v1_12_R1.MinecraftServer.D(MinecraftServer.java:739) [craftbukkit.jar:git-Bukkit-ed8c725]
	at net.minecraft.server.v1_12_R1.DedicatedServer.D(DedicatedServer.java:366) [craftbukkit.jar:git-Bukkit-ed8c725]
	at net.minecraft.server.v1_12_R1.MinecraftServer.C(MinecraftServer.java:650) [craftbukkit.jar:git-Bukkit-ed8c725]
	at net.minecraft.server.v1_12_R1.MinecraftServer.run(MinecraftServer.java:554) [craftbukkit.jar:git-Bukkit-ed8c725]
	at java.lang.Thread.run(Unknown Source) [?:1.8.0_421]
[17:05:46] [Server thread/ERROR]: Couldn't save chunk; already in use by another instance of Minecraft?
net.minecraft.server.v1_12_R1.ExceptionWorldConflict: The save is being accessed from another location, aborting
	at net.minecraft.server.v1_12_R1.WorldNBTStorage.checkSession(WorldNBTStorage.java:78) ~[craftbukkit.jar:git-Bukkit-ed8c725]
	at net.minecraft.server.v1_12_R1.World.checkSession(World.java:2692) ~[craftbukkit.jar:git-Bukkit-ed8c725]
	at net.minecraft.server.v1_12_R1.ChunkRegionLoader.a(ChunkRegionLoader.java:118) ~[craftbukkit.jar:git-Bukkit-ed8c725]
	at net.minecraft.server.v1_12_R1.ChunkProviderServer.saveChunk(ChunkProviderServer.java:207) [craftbukkit.jar:git-Bukkit-ed8c725]
	at net.minecraft.server.v1_12_R1.ChunkProviderServer.unloadChunk(ChunkProviderServer.java:299) [craftbukkit.jar:git-Bukkit-ed8c725]
	at net.minecraft.server.v1_12_R1.ChunkProviderServer.unloadChunks(ChunkProviderServer.java:257) [craftbukkit.jar:git-Bukkit-ed8c725]
	at net.minecraft.server.v1_12_R1.WorldServer.doTick(WorldServer.java:242) [craftbukkit.jar:git-Bukkit-ed8c725]
	at net.minecraft.server.v1_12_R1.MinecraftServer.D(MinecraftServer.java:739) [craftbukkit.jar:git-Bukkit-ed8c725]
	at net.minecraft.server.v1_12_R1.DedicatedServer.D(DedicatedServer.java:366) [craftbukkit.jar:git-Bukkit-ed8c725]
	at net.minecraft.server.v1_12_R1.MinecraftServer.C(MinecraftServer.java:650) [craftbukkit.jar:git-Bukkit-ed8c725]
	at net.minecraft.server.v1_12_R1.MinecraftServer.run(MinecraftServer.java:554) [craftbukkit.jar:git-Bukkit-ed8c725]
	at java.lang.Thread.run(Unknown Source) [?:1.8.0_421]
[17:05:46] [Server thread/ERROR]: Couldn't save chunk; already in use by another instance of Minecraft?
net.minecraft.server.v1_12_R1.ExceptionWorldConflict: The save is being accessed from another location, aborting
	at net.minecraft.server.v1_12_R1.WorldNBTStorage.checkSession(WorldNBTStorage.java:78) ~[craftbukkit.jar:git-Bukkit-ed8c725]
	at net.minecraft.server.v1_12_R1.World.checkSession(World.java:2692) ~[craftbukkit.jar:git-Bukkit-ed8c725]
	at net.minecraft.server.v1_12_R1.ChunkRegionLoader.a(ChunkRegionLoader.java:118) ~[craftbukkit.jar:git-Bukkit-ed8c725]
	at net.minecraft.server.v1_12_R1.ChunkProviderServer.saveChunk(ChunkProviderServer.java:207) [craftbukkit.jar:git-Bukkit-ed8c725]
	at net.minecraft.server.v1_12_R1.ChunkProviderServer.unloadChunk(ChunkProviderServer.java:299) [craftbukkit.jar:git-Bukkit-ed8c725]
	at net.minecraft.server.v1_12_R1.ChunkProviderServer.unloadChunks(ChunkProviderServer.java:257) [craftbukkit.jar:git-Bukkit-ed8c725]
	at net.minecraft.server.v1_12_R1.WorldServer.doTick(WorldServer.java:242) [craftbukkit.jar:git-Bukkit-ed8c725]
	at net.minecraft.server.v1_12_R1.MinecraftServer.D(MinecraftServer.java:739) [craftbukkit.jar:git-Bukkit-ed8c725]
	at net.minecraft.server.v1_12_R1.DedicatedServer.D(DedicatedServer.java:366) [craftbukkit.jar:git-Bukkit-ed8c725]
	at net.minecraft.server.v1_12_R1.MinecraftServer.C(MinecraftServer.java:650) [craftbukkit.jar:git-Bukkit-ed8c725]
	at net.minecraft.server.v1_12_R1.MinecraftServer.run(MinecraftServer.java:554) [craftbukkit.jar:git-Bukkit-ed8c725]
	at java.lang.Thread.run(Unknown Source) [?:1.8.0_421]
[17:05:46] [Server thread/ERROR]: Couldn't save chunk; already in use by another instance of Minecraft?
net.minecraft.server.v1_12_R1.ExceptionWorldConflict: The save is being accessed from another location, aborting
	at net.minecraft.server.v1_12_R1.WorldNBTStorage.checkSession(WorldNBTStorage.java:78) ~[craftbukkit.jar:git-Bukkit-ed8c725]
	at net.minecraft.server.v1_12_R1.World.checkSession(World.java:2692) ~[craftbukkit.jar:git-Bukkit-ed8c725]
	at net.minecraft.server.v1_12_R1.ChunkRegionLoader.a(ChunkRegionLoader.java:118) ~[craftbukkit.jar:git-Bukkit-ed8c725]
	at net.minecraft.server.v1_12_R1.ChunkProviderServer.saveChunk(ChunkProviderServer.java:207) [craftbukkit.jar:git-Bukkit-ed8c725]
	at net.minecraft.server.v1_12_R1.ChunkProviderServer.unloadChunk(ChunkProviderServer.java:299) [craftbukkit.jar:git-Bukkit-ed8c725]
	at net.minecraft.server.v1_12_R1.ChunkProviderServer.unloadChunks(ChunkProviderServer.java:257) [craftbukkit.jar:git-Bukkit-ed8c725]
	at net.minecraft.server.v1_12_R1.WorldServer.doTick(WorldServer.java:242) [craftbukkit.jar:git-Bukkit-ed8c725]
	at net.minecraft.server.v1_12_R1.MinecraftServer.D(MinecraftServer.java:739) [craftbukkit.jar:git-Bukkit-ed8c725]
	at net.minecraft.server.v1_12_R1.DedicatedServer.D(DedicatedServer.java:366) [craftbukkit.jar:git-Bukkit-ed8c725]
	at net.minecraft.server.v1_12_R1.MinecraftServer.C(MinecraftServer.java:650) [craftbukkit.jar:git-Bukkit-ed8c725]
	at net.minecraft.server.v1_12_R1.MinecraftServer.run(MinecraftServer.java:554) [craftbukkit.jar:git-Bukkit-ed8c725]
	at java.lang.Thread.run(Unknown Source) [?:1.8.0_421]
[17:05:46] [Server thread/ERROR]: Couldn't save chunk; already in use by another instance of Minecraft?
net.minecraft.server.v1_12_R1.ExceptionWorldConflict: The save is being accessed from another location, aborting
	at net.minecraft.server.v1_12_R1.WorldNBTStorage.checkSession(WorldNBTStorage.java:78) ~[craftbukkit.jar:git-Bukkit-ed8c725]
	at net.minecraft.server.v1_12_R1.World.checkSession(World.java:2692) ~[craftbukkit.jar:git-Bukkit-ed8c725]
	at net.minecraft.server.v1_12_R1.ChunkRegionLoader.a(ChunkRegionLoader.java:118) ~[craftbukkit.jar:git-Bukkit-ed8c725]
	at net.minecraft.server.v1_12_R1.ChunkProviderServer.saveChunk(ChunkProviderServer.java:207) [craftbukkit.jar:git-Bukkit-ed8c725]
	at net.minecraft.server.v1_12_R1.ChunkProviderServer.unloadChunk(ChunkProviderServer.java:299) [craftbukkit.jar:git-Bukkit-ed8c725]
	at net.minecraft.server.v1_12_R1.ChunkProviderServer.unloadChunks(ChunkProviderServer.java:257) [craftbukkit.jar:git-Bukkit-ed8c725]
	at net.minecraft.server.v1_12_R1.WorldServer.doTick(WorldServer.java:242) [craftbukkit.jar:git-Bukkit-ed8c725]
	at net.minecraft.server.v1_12_R1.MinecraftServer.D(MinecraftServer.java:739) [craftbukkit.jar:git-Bukkit-ed8c725]
	at net.minecraft.server.v1_12_R1.DedicatedServer.D(DedicatedServer.java:366) [craftbukkit.jar:git-Bukkit-ed8c725]
	at net.minecraft.server.v1_12_R1.MinecraftServer.C(MinecraftServer.java:650) [craftbukkit.jar:git-Bukkit-ed8c725]
	at net.minecraft.server.v1_12_R1.MinecraftServer.run(MinecraftServer.java:554) [craftbukkit.jar:git-Bukkit-ed8c725]
	at java.lang.Thread.run(Unknown Source) [?:1.8.0_421]
[17:05:46] [Server thread/ERROR]: Couldn't save chunk; already in use by another instance of Minecraft?
net.minecraft.server.v1_12_R1.ExceptionWorldConflict: The save is being accessed from another location, aborting
	at net.minecraft.server.v1_12_R1.WorldNBTStorage.checkSession(WorldNBTStorage.java:78) ~[craftbukkit.jar:git-Bukkit-ed8c725]
	at net.minecraft.server.v1_12_R1.World.checkSession(World.java:2692) ~[craftbukkit.jar:git-Bukkit-ed8c725]
	at net.minecraft.server.v1_12_R1.ChunkRegionLoader.a(ChunkRegionLoader.java:118) ~[craftbukkit.jar:git-Bukkit-ed8c725]
	at net.minecraft.server.v1_12_R1.ChunkProviderServer.saveChunk(ChunkProviderServer.java:207) [craftbukkit.jar:git-Bukkit-ed8c725]
	at net.minecraft.server.v1_12_R1.ChunkProviderServer.unloadChunk(ChunkProviderServer.java:299) [craftbukkit.jar:git-Bukkit-ed8c725]
	at net.minecraft.server.v1_12_R1.ChunkProviderServer.unloadChunks(ChunkProviderServer.java:257) [craftbukkit.jar:git-Bukkit-ed8c725]
	at net.minecraft.server.v1_12_R1.WorldServer.doTick(WorldServer.java:242) [craftbukkit.jar:git-Bukkit-ed8c725]
	at net.minecraft.server.v1_12_R1.MinecraftServer.D(MinecraftServer.java:739) [craftbukkit.jar:git-Bukkit-ed8c725]
	at net.minecraft.server.v1_12_R1.DedicatedServer.D(DedicatedServer.java:366) [craftbukkit.jar:git-Bukkit-ed8c725]
	at net.minecraft.server.v1_12_R1.MinecraftServer.C(MinecraftServer.java:650) [craftbukkit.jar:git-Bukkit-ed8c725]
	at net.minecraft.server.v1_12_R1.MinecraftServer.run(MinecraftServer.java:554) [craftbukkit.jar:git-Bukkit-ed8c725]
	at java.lang.Thread.run(Unknown Source) [?:1.8.0_421]
[17:05:46] [Server thread/ERROR]: Couldn't save chunk; already in use by another instance of Minecraft?
net.minecraft.server.v1_12_R1.ExceptionWorldConflict: The save is being accessed from another location, aborting
	at net.minecraft.server.v1_12_R1.WorldNBTStorage.checkSession(WorldNBTStorage.java:78) ~[craftbukkit.jar:git-Bukkit-ed8c725]
	at net.minecraft.server.v1_12_R1.World.checkSession(World.java:2692) ~[craftbukkit.jar:git-Bukkit-ed8c725]
	at net.minecraft.server.v1_12_R1.ChunkRegionLoader.a(ChunkRegionLoader.java:118) ~[craftbukkit.jar:git-Bukkit-ed8c725]
	at net.minecraft.server.v1_12_R1.ChunkProviderServer.saveChunk(ChunkProviderServer.java:207) [craftbukkit.jar:git-Bukkit-ed8c725]
	at net.minecraft.server.v1_12_R1.ChunkProviderServer.unloadChunk(ChunkProviderServer.java:299) [craftbukkit.jar:git-Bukkit-ed8c725]
	at net.minecraft.server.v1_12_R1.ChunkProviderServer.unloadChunks(ChunkProviderServer.java:257) [craftbukkit.jar:git-Bukkit-ed8c725]
	at net.minecraft.server.v1_12_R1.WorldServer.doTick(WorldServer.java:242) [craftbukkit.jar:git-Bukkit-ed8c725]
	at net.minecraft.server.v1_12_R1.MinecraftServer.D(MinecraftServer.java:739) [craftbukkit.jar:git-Bukkit-ed8c725]
	at net.minecraft.server.v1_12_R1.DedicatedServer.D(DedicatedServer.java:366) [craftbukkit.jar:git-Bukkit-ed8c725]
	at net.minecraft.server.v1_12_R1.MinecraftServer.C(MinecraftServer.java:650) [craftbukkit.jar:git-Bukkit-ed8c725]
	at net.minecraft.server.v1_12_R1.MinecraftServer.run(MinecraftServer.java:554) [craftbukkit.jar:git-Bukkit-ed8c725]
	at java.lang.Thread.run(Unknown Source) [?:1.8.0_421]
[17:05:46] [Server thread/ERROR]: Couldn't save chunk; already in use by another instance of Minecraft?
net.minecraft.server.v1_12_R1.ExceptionWorldConflict: The save is being accessed from another location, aborting
	at net.minecraft.server.v1_12_R1.WorldNBTStorage.checkSession(WorldNBTStorage.java:78) ~[craftbukkit.jar:git-Bukkit-ed8c725]
	at net.minecraft.server.v1_12_R1.World.checkSession(World.java:2692) ~[craftbukkit.jar:git-Bukkit-ed8c725]
	at net.minecraft.server.v1_12_R1.ChunkRegionLoader.a(ChunkRegionLoader.java:118) ~[craftbukkit.jar:git-Bukkit-ed8c725]
	at net.minecraft.server.v1_12_R1.ChunkProviderServer.saveChunk(ChunkProviderServer.java:207) [craftbukkit.jar:git-Bukkit-ed8c725]
	at net.minecraft.server.v1_12_R1.ChunkProviderServer.unloadChunk(ChunkProviderServer.java:299) [craftbukkit.jar:git-Bukkit-ed8c725]
	at net.minecraft.server.v1_12_R1.ChunkProviderServer.unloadChunks(ChunkProviderServer.java:257) [craftbukkit.jar:git-Bukkit-ed8c725]
	at net.minecraft.server.v1_12_R1.WorldServer.doTick(WorldServer.java:242) [craftbukkit.jar:git-Bukkit-ed8c725]
	at net.minecraft.server.v1_12_R1.MinecraftServer.D(MinecraftServer.java:739) [craftbukkit.jar:git-Bukkit-ed8c725]
	at net.minecraft.server.v1_12_R1.DedicatedServer.D(DedicatedServer.java:366) [craftbukkit.jar:git-Bukkit-ed8c725]
	at net.minecraft.server.v1_12_R1.MinecraftServer.C(MinecraftServer.java:650) [craftbukkit.jar:git-Bukkit-ed8c725]
	at net.minecraft.server.v1_12_R1.MinecraftServer.run(MinecraftServer.java:554) [craftbukkit.jar:git-Bukkit-ed8c725]
	at java.lang.Thread.run(Unknown Source) [?:1.8.0_421]
[17:05:46] [Server thread/ERROR]: Couldn't save chunk; already in use by another instance of Minecraft?
net.minecraft.server.v1_12_R1.ExceptionWorldConflict: The save is being accessed from another location, aborting
	at net.minecraft.server.v1_12_R1.WorldNBTStorage.checkSession(WorldNBTStorage.java:78) ~[craftbukkit.jar:git-Bukkit-ed8c725]
	at net.minecraft.server.v1_12_R1.World.checkSession(World.java:2692) ~[craftbukkit.jar:git-Bukkit-ed8c725]
	at net.minecraft.server.v1_12_R1.ChunkRegionLoader.a(ChunkRegionLoader.java:118) ~[craftbukkit.jar:git-Bukkit-ed8c725]
	at net.minecraft.server.v1_12_R1.ChunkProviderServer.saveChunk(ChunkProviderServer.java:207) [craftbukkit.jar:git-Bukkit-ed8c725]
	at net.minecraft.server.v1_12_R1.ChunkProviderServer.unloadChunk(ChunkProviderServer.java:299) [craftbukkit.jar:git-Bukkit-ed8c725]
	at net.minecraft.server.v1_12_R1.ChunkProviderServer.unloadChunks(ChunkProviderServer.java:257) [craftbukkit.jar:git-Bukkit-ed8c725]
	at net.minecraft.server.v1_12_R1.WorldServer.doTick(WorldServer.java:242) [craftbukkit.jar:git-Bukkit-ed8c725]
	at net.minecraft.server.v1_12_R1.MinecraftServer.D(MinecraftServer.java:739) [craftbukkit.jar:git-Bukkit-ed8c725]
	at net.minecraft.server.v1_12_R1.DedicatedServer.D(DedicatedServer.java:366) [craftbukkit.jar:git-Bukkit-ed8c725]
	at net.minecraft.server.v1_12_R1.MinecraftServer.C(MinecraftServer.java:650) [craftbukkit.jar:git-Bukkit-ed8c725]
	at net.minecraft.server.v1_12_R1.MinecraftServer.run(MinecraftServer.java:554) [craftbukkit.jar:git-Bukkit-ed8c725]
	at java.lang.Thread.run(Unknown Source) [?:1.8.0_421]
[17:05:47] [Server thread/WARN]: The save is being accessed from another location, aborting
[17:05:47] [Server thread/WARN]: The save is being accessed from another location, aborting
[17:05:47] [Server thread/WARN]: The save is being accessed from another location, aborting
[17:05:52] [Server thread/ERROR]: Couldn't save chunk; already in use by another instance of Minecraft?
net.minecraft.server.v1_12_R1.ExceptionWorldConflict: The save is being accessed from another location, aborting
	at net.minecraft.server.v1_12_R1.WorldNBTStorage.checkSession(WorldNBTStorage.java:78) ~[craftbukkit.jar:git-Bukkit-ed8c725]
	at net.minecraft.server.v1_12_R1.World.checkSession(World.java:2692) ~[craftbukkit.jar:git-Bukkit-ed8c725]
	at net.minecraft.server.v1_12_R1.ChunkRegionLoader.a(ChunkRegionLoader.java:118) ~[craftbukkit.jar:git-Bukkit-ed8c725]
	at net.minecraft.server.v1_12_R1.ChunkProviderServer.saveChunk(ChunkProviderServer.java:207) [craftbukkit.jar:git-Bukkit-ed8c725]
	at net.minecraft.server.v1_12_R1.ChunkProviderServer.unloadChunk(ChunkProviderServer.java:299) [craftbukkit.jar:git-Bukkit-ed8c725]
	at net.minecraft.server.v1_12_R1.ChunkProviderServer.unloadChunks(ChunkProviderServer.java:257) [craftbukkit.jar:git-Bukkit-ed8c725]
	at net.minecraft.server.v1_12_R1.WorldServer.doTick(WorldServer.java:242) [craftbukkit.jar:git-Bukkit-ed8c725]
	at net.minecraft.server.v1_12_R1.MinecraftServer.D(MinecraftServer.java:739) [craftbukkit.jar:git-Bukkit-ed8c725]
	at net.minecraft.server.v1_12_R1.DedicatedServer.D(DedicatedServer.java:366) [craftbukkit.jar:git-Bukkit-ed8c725]
	at net.minecraft.server.v1_12_R1.MinecraftServer.C(MinecraftServer.java:650) [craftbukkit.jar:git-Bukkit-ed8c725]
	at net.minecraft.server.v1_12_R1.MinecraftServer.run(MinecraftServer.java:554) [craftbukkit.jar:git-Bukkit-ed8c725]
	at java.lang.Thread.run(Unknown Source) [?:1.8.0_421]
[17:05:52] [Server thread/ERROR]: Couldn't save chunk; already in use by another instance of Minecraft?
net.minecraft.server.v1_12_R1.ExceptionWorldConflict: The save is being accessed from another location, aborting
	at net.minecraft.server.v1_12_R1.WorldNBTStorage.checkSession(WorldNBTStorage.java:78) ~[craftbukkit.jar:git-Bukkit-ed8c725]
	at net.minecraft.server.v1_12_R1.World.checkSession(World.java:2692) ~[craftbukkit.jar:git-Bukkit-ed8c725]
	at net.minecraft.server.v1_12_R1.ChunkRegionLoader.a(ChunkRegionLoader.java:118) ~[craftbukkit.jar:git-Bukkit-ed8c725]
	at net.minecraft.server.v1_12_R1.ChunkProviderServer.saveChunk(ChunkProviderServer.java:207) [craftbukkit.jar:git-Bukkit-ed8c725]
	at net.minecraft.server.v1_12_R1.ChunkProviderServer.unloadChunk(ChunkProviderServer.java:299) [craftbukkit.jar:git-Bukkit-ed8c725]
	at net.minecraft.server.v1_12_R1.ChunkProviderServer.unloadChunks(ChunkProviderServer.java:257) [craftbukkit.jar:git-Bukkit-ed8c725]
	at net.minecraft.server.v1_12_R1.WorldServer.doTick(WorldServer.java:242) [craftbukkit.jar:git-Bukkit-ed8c725]
	at net.minecraft.server.v1_12_R1.MinecraftServer.D(MinecraftServer.java:739) [craftbukkit.jar:git-Bukkit-ed8c725]
	at net.minecraft.server.v1_12_R1.DedicatedServer.D(DedicatedServer.java:366) [craftbukkit.jar:git-Bukkit-ed8c725]
	at net.minecraft.server.v1_12_R1.MinecraftServer.C(MinecraftServer.java:650) [craftbukkit.jar:git-Bukkit-ed8c725]
	at net.minecraft.server.v1_12_R1.MinecraftServer.run(MinecraftServer.java:554) [craftbukkit.jar:git-Bukkit-ed8c725]
	at java.lang.Thread.run(Unknown Source) [?:1.8.0_421]
[17:05:52] [Server thread/ERROR]: Couldn't save chunk; already in use by another instance of Minecraft?
net.minecraft.server.v1_12_R1.ExceptionWorldConflict: The save is being accessed from another location, aborting
	at net.minecraft.server.v1_12_R1.WorldNBTStorage.checkSession(WorldNBTStorage.java:78) ~[craftbukkit.jar:git-Bukkit-ed8c725]
	at net.minecraft.server.v1_12_R1.World.checkSession(World.java:2692) ~[craftbukkit.jar:git-Bukkit-ed8c725]
	at net.minecraft.server.v1_12_R1.ChunkRegionLoader.a(ChunkRegionLoader.java:118) ~[craftbukkit.jar:git-Bukkit-ed8c725]
	at net.minecraft.server.v1_12_R1.ChunkProviderServer.saveChunk(ChunkProviderServer.java:207) [craftbukkit.jar:git-Bukkit-ed8c725]
	at net.minecraft.server.v1_12_R1.ChunkProviderServer.unloadChunk(ChunkProviderServer.java:299) [craftbukkit.jar:git-Bukkit-ed8c725]
	at net.minecraft.server.v1_12_R1.ChunkProviderServer.unloadChunks(ChunkProviderServer.java:257) [craftbukkit.jar:git-Bukkit-ed8c725]
	at net.minecraft.server.v1_12_R1.WorldServer.doTick(WorldServer.java:242) [craftbukkit.jar:git-Bukkit-ed8c725]
	at net.minecraft.server.v1_12_R1.MinecraftServer.D(MinecraftServer.java:739) [craftbukkit.jar:git-Bukkit-ed8c725]
	at net.minecraft.server.v1_12_R1.DedicatedServer.D(DedicatedServer.java:366) [craftbukkit.jar:git-Bukkit-ed8c725]
	at net.minecraft.server.v1_12_R1.MinecraftServer.C(MinecraftServer.java:650) [craftbukkit.jar:git-Bukkit-ed8c725]
	at net.minecraft.server.v1_12_R1.MinecraftServer.run(MinecraftServer.java:554) [craftbukkit.jar:git-Bukkit-ed8c725]
	at java.lang.Thread.run(Unknown Source) [?:1.8.0_421]
[17:05:52] [Server thread/ERROR]: Couldn't save chunk; already in use by another instance of Minecraft?
net.minecraft.server.v1_12_R1.ExceptionWorldConflict: The save is being accessed from another location, aborting
	at net.minecraft.server.v1_12_R1.WorldNBTStorage.checkSession(WorldNBTStorage.java:78) ~[craftbukkit.jar:git-Bukkit-ed8c725]
	at net.minecraft.server.v1_12_R1.World.checkSession(World.java:2692) ~[craftbukkit.jar:git-Bukkit-ed8c725]
	at net.minecraft.server.v1_12_R1.ChunkRegionLoader.a(ChunkRegionLoader.java:118) ~[craftbukkit.jar:git-Bukkit-ed8c725]
	at net.minecraft.server.v1_12_R1.ChunkProviderServer.saveChunk(ChunkProviderServer.java:207) [craftbukkit.jar:git-Bukkit-ed8c725]
	at net.minecraft.server.v1_12_R1.ChunkProviderServer.unloadChunk(ChunkProviderServer.java:299) [craftbukkit.jar:git-Bukkit-ed8c725]
	at net.minecraft.server.v1_12_R1.ChunkProviderServer.unloadChunks(ChunkProviderServer.java:257) [craftbukkit.jar:git-Bukkit-ed8c725]
	at net.minecraft.server.v1_12_R1.WorldServer.doTick(WorldServer.java:242) [craftbukkit.jar:git-Bukkit-ed8c725]
	at net.minecraft.server.v1_12_R1.MinecraftServer.D(MinecraftServer.java:739) [craftbukkit.jar:git-Bukkit-ed8c725]
	at net.minecraft.server.v1_12_R1.DedicatedServer.D(DedicatedServer.java:366) [craftbukkit.jar:git-Bukkit-ed8c725]
	at net.minecraft.server.v1_12_R1.MinecraftServer.C(MinecraftServer.java:650) [craftbukkit.jar:git-Bukkit-ed8c725]
	at net.minecraft.server.v1_12_R1.MinecraftServer.run(MinecraftServer.java:554) [craftbukkit.jar:git-Bukkit-ed8c725]
	at java.lang.Thread.run(Unknown Source) [?:1.8.0_421]
[17:06:54] [Netty Server IO #2/INFO]: <Fortcraft354> worldstate status[m
[17:10:30] [Server thread/INFO]: [RaspberryJuice] Closed connection to/127.0.0.1:60397.
[17:10:30] [Server thread/INFO]: [RaspberryJuice] Closed connection to/127.0.0.1:60399.
[17:10:33] [Thread-5/INFO]: [RaspberryJuice] Opened connection to/127.0.0.1:60636.
[17:10:33] [Thread-35/INFO]: [RaspberryJuice] Starting input thread
[17:10:33] [Thread-36/INFO]: [RaspberryJuice] Starting output thread!
[17:10:33] [Thread-5/INFO]: [RaspberryJuice] Opened connection to/127.0.0.1:60637.
[17:10:33] [Thread-38/INFO]: [RaspberryJuice] Starting output thread!
[17:10:33] [Thread-37/INFO]: [RaspberryJuice] Starting input thread
[17:10:37] [Netty Server IO #2/INFO]: <Fortcraft354> worldstate start[m
[17:10:39] [Netty Server IO #2/INFO]: <Fortcraft354> builder set schem=importar[m
[17:10:41] [Netty Server IO #2/INFO]: <Fortcraft354> builder start[m
[17:10:43] [Netty Server IO #2/INFO]: <Fortcraft354> explorer set range=12 strategy=spiral[m
[17:10:46] [Netty Server IO #2/INFO]: <Fortcraft354> explorer start x=-480 z=-490[m
[17:10:47] [Server thread/WARN]: The save is being accessed from another location, aborting
[17:10:47] [Server thread/WARN]: The save is being accessed from another location, aborting
[17:10:47] [Server thread/WARN]: The save is being accessed from another location, aborting
[17:10:49] [Netty Server IO #2/INFO]: <Fortcraft354> miner start[m
[17:11:52] [Server thread/ERROR]: Couldn't save chunk; already in use by another instance of Minecraft?
net.minecraft.server.v1_12_R1.ExceptionWorldConflict: The save is being accessed from another location, aborting
	at net.minecraft.server.v1_12_R1.WorldNBTStorage.checkSession(WorldNBTStorage.java:78) ~[craftbukkit.jar:git-Bukkit-ed8c725]
	at net.minecraft.server.v1_12_R1.World.checkSession(World.java:2692) ~[craftbukkit.jar:git-Bukkit-ed8c725]
	at net.minecraft.server.v1_12_R1.ChunkRegionLoader.a(ChunkRegionLoader.java:118) ~[craftbukkit.jar:git-Bukkit-ed8c725]
	at net.minecraft.server.v1_12_R1.ChunkProviderServer.saveChunk(ChunkProviderServer.java:207) [craftbukkit.jar:git-Bukkit-ed8c725]
	at net.minecraft.server.v1_12_R1.ChunkProviderServer.unloadChunk(ChunkProviderServer.java:299) [craftbukkit.jar:git-Bukkit-ed8c725]
	at net.minecraft.server.v1_12_R1.ChunkProviderServer.unloadChunks(ChunkProviderServer.java:257) [craftbukkit.jar:git-Bukkit-ed8c725]
	at net.minecraft.server.v1_12_R1.WorldServer.doTick(WorldServer.java:242) [craftbukkit.jar:git-Bukkit-ed8c725]
	at net.minecraft.server.v1_12_R1.MinecraftServer.D(MinecraftServer.java:739) [craftbukkit.jar:git-Bukkit-ed8c725]
	at net.minecraft.server.v1_12_R1.DedicatedServer.D(DedicatedServer.java:366) [craftbukkit.jar:git-Bukkit-ed8c725]
	at net.minecraft.server.v1_12_R1.MinecraftServer.C(MinecraftServer.java:650) [craftbukkit.jar:git-Bukkit-ed8c725]
	at net.minecraft.server.v1_12_R1.MinecraftServer.run(MinecraftServer.java:554) [craftbukkit.jar:git-Bukkit-ed8c725]
	at java.lang.Thread.run(Unknown Source) [?:1.8.0_421]
[17:11:52] [Server thread/ERROR]: Couldn't save chunk; already in use by another instance of Minecraft?
net.minecraft.server.v1_12_R1.ExceptionWorldConflict: The save is being accessed from another location, aborting
	at net.minecraft.server.v1_12_R1.WorldNBTStorage.checkSession(WorldNBTStorage.java:78) ~[craftbukkit.jar:git-Bukkit-ed8c725]
	at net.minecraft.server.v1_12_R1.World.checkSession(World.java:2692) ~[craftbukkit.jar:git-Bukkit-ed8c725]
	at net.minecraft.server.v1_12_R1.ChunkRegionLoader.a(ChunkRegionLoader.java:118) ~[craftbukkit.jar:git-Bukkit-ed8c725]
	at net.minecraft.server.v1_12_R1.ChunkProviderServer.saveChunk(ChunkProviderServer.java:207) [craftbukkit.jar:git-Bukkit-ed8c725]
	at net.minecraft.server.v1_12_R1.ChunkProviderServer.unloadChunk(ChunkProviderServer.java:299) [craftbukkit.jar:git-Bukkit-ed8c725]
	at net.minecraft.server.v1_12_R1.ChunkProviderServer.unloadChunks(ChunkProviderServer.java:257) [craftbukkit.jar:git-Bukkit-ed8c725]
	at net.minecraft.server.v1_12_R1.WorldServer.doTick(WorldServer.java:242) [craftbukkit.jar:git-Bukkit-ed8c725]
	at net.minecraft.server.v1_12_R1.MinecraftServer.D(MinecraftServer.java:739) [craftbukkit.jar:git-Bukkit-ed8c725]
	at net.minecraft.server.v1_12_R1.DedicatedServer.D(DedicatedServer.java:366) [craftbukkit.jar:git-Bukkit-ed8c725]
	at net.minecraft.server.v1_12_R1.MinecraftServer.C(MinecraftServer.java:650) [craftbukkit.jar:git-Bukkit-ed8c725]
	at net.minecraft.server.v1_12_R1.MinecraftServer.run(MinecraftServer.java:554) [craftbukkit.jar:git-Bukkit-ed8c725]
	at java.lang.Thread.run(Unknown Source) [?:1.8.0_421]
[17:12:22] [Server thread/ERROR]: Couldn't save chunk; already in use by another instance of Minecraft?
net.minecraft.server.v1_12_R1.ExceptionWorldConflict: The save is being accessed from another location, aborting
	at net.minecraft.server.v1_12_R1.WorldNBTStorage.checkSession(WorldNBTStorage.java:78) ~[craftbukkit.jar:git-Bukkit-ed8c725]
	at net.minecraft.server.v1_12_R1.World.checkSession(World.java:2692) ~[craftbukkit.jar:git-Bukkit-ed8c725]
	at net.minecraft.server.v1_12_R1.ChunkRegionLoader.a(ChunkRegionLoader.java:118) ~[craftbukkit.jar:git-Bukkit-ed8c725]
	at net.minecraft.server.v1_12_R1.ChunkProviderServer.saveChunk(ChunkProviderServer.java:207) [craftbukkit.jar:git-Bukkit-ed8c725]
	at net.minecraft.server.v1_12_R1.ChunkProviderServer.unloadChunk(ChunkProviderServer.java:299) [craftbukkit.jar:git-Bukkit-ed8c725]
	at net.minecraft.server.v1_12_R1.ChunkProviderServer.unloadChunks(ChunkProviderServer.java:257) [craftbukkit.jar:git-Bukkit-ed8c725]
	at net.minecraft.server.v1_12_R1.WorldServer.doTick(WorldServer.java:242) [craftbukkit.jar:git-Bukkit-ed8c725]
	at net.minecraft.server.v1_12_R1.MinecraftServer.D(MinecraftServer.java:739) [craftbukkit.jar:git-Bukkit-ed8c725]
	at net.minecraft.server.v1_12_R1.DedicatedServer.D(DedicatedServer.java:366) [craftbukkit.jar:git-Bukkit-ed8c725]
	at net.minecraft.server.v1_12_R1.MinecraftServer.C(MinecraftServer.java:650) [craftbukkit.jar:git-Bukkit-ed8c725]
	at net.minecraft.server.v1_12_R1.MinecraftServer.run(MinecraftServer.java:554) [craftbukkit.jar:git-Bukkit-ed8c725]
	at java.lang.Thread.run(Unknown Source) [?:1.8.0_421]
[17:12:22] [Server thread/ERROR]: Couldn't save chunk; already in use by another instance of Minecraft?
net.minecraft.server.v1_12_R1.ExceptionWorldConflict: The save is being accessed from another location, aborting
	at net.minecraft.server.v1_12_R1.WorldNBTStorage.checkSession(WorldNBTStorage.java:78) ~[craftbukkit.jar:git-Bukkit-ed8c725]
	at net.minecraft.server.v1_12_R1.World.checkSession(World.java:2692) ~[craftbukkit.jar:git-Bukkit-ed8c725]
	at net.minecraft.server.v1_12_R1.ChunkRegionLoader.a(ChunkRegionLoader.java:118) ~[craftbukkit.jar:git-Bukkit-ed8c725]
	at net.minecraft.server.v1_12_R1.ChunkProviderServer.saveChunk(ChunkProviderServer.java:207) [craftbukkit.jar:git-Bukkit-ed8c725]
	at net.minecraft.server.v1_12_R1.ChunkProviderServer.unloadChunk(ChunkProviderServer.java:299) [craftbukkit.jar:git-Bukkit-ed8c725]
	at net.minecraft.server.v1_12_R1.ChunkProviderServer.unloadChunks(ChunkProviderServer.java:257) [craftbukkit.jar:git-Bukkit-ed8c725]
	at net.minecraft.server.v1_12_R1.WorldServer.doTick(WorldServer.java:242) [craftbukkit.jar:git-Bukkit-ed8c725]
	at net.minecraft.server.v1_12_R1.MinecraftServer.D(MinecraftServer.java:739) [craftbukkit.jar:git-Bukkit-ed8c725]
	at net.minecraft.server.v1_12_R1.DedicatedServer.D(DedicatedServer.java:366) [craftbukkit.jar:git-Bukkit-ed8c725]
	at net.minecraft.server.v1_12_R1.MinecraftServer.C(MinecraftServer.java:650) [craftbukkit.jar:git-Bukkit-ed8c725]
	at net.minecraft.server.v1_12_R1.MinecraftServer.run(MinecraftServer.java:554) [craftbukkit.jar:git-Bukkit-ed8c725]
	at java.lang.Thread.run(Unknown Source) [?:1.8.0_421]
[17:12:22] [Server thread/ERROR]: Couldn't save chunk; already in use by another instance of Minecraft?
net.minecraft.server.v1_12_R1.ExceptionWorldConflict: The save is being accessed from another location, aborting
	at net.minecraft.server.v1_12_R1.WorldNBTStorage.checkSession(WorldNBTStorage.java:78) ~[craftbukkit.jar:git-Bukkit-ed8c725]
	at net.minecraft.server.v1_12_R1.World.checkSession(World.java:2692) ~[craftbukkit.jar:git-Bukkit-ed8c725]
	at net.minecraft.server.v1_12_R1.ChunkRegionLoader.a(ChunkRegionLoader.java:118) ~[craftbukkit.jar:git-Bukkit-ed8c725]
	at net.minecraft.server.v1_12_R1.ChunkProviderServer.saveChunk(ChunkProviderServer.java:207) [craftbukkit.jar:git-Bukkit-ed8c725]
	at net.minecraft.server.v1_12_R1.ChunkProviderServer.unloadChunk(ChunkProviderServer.java:299) [craftbukkit.jar:git-Bukkit-ed8c725]
	at net.minecraft.server.v1_12_R1.ChunkProviderServer.unloadChunks(ChunkProviderServer.java:257) [craftbukkit.jar:git-Bukkit-ed8c725]
	at net.minecraft.server.v1_12_R1.WorldServer.doTick(WorldServer.java:242) [craftbukkit.jar:git-Bukkit-ed8c725]
	at net.minecraft.server.v1_12_R1.MinecraftServer.D(MinecraftServer.java:739) [craftbukkit.jar:git-Bukkit-ed8c725]
	at net.minecraft.server.v1_12_R1.DedicatedServer.D(DedicatedServer.java:366) [craftbukkit.jar:git-Bukkit-ed8c725]
	at net.minecraft.server.v1_12_R1.MinecraftServer.C(MinecraftServer.java:650) [craftbukkit.jar:git-Bukkit-ed8c725]
	at net.minecraft.server.v1_12_R1.MinecraftServer.run(MinecraftServer.java:554) [craftbukkit.jar:git-Bukkit-ed8c725]
	at java.lang.Thread.run(Unknown Source) [?:1.8.0_421]
[17:12:22] [Server thread/ERROR]: Couldn't save chunk; already in use by another instance of Minecraft?
net.minecraft.server.v1_12_R1.ExceptionWorldConflict: The save is being accessed from another location, aborting
	at net.minecraft.server.v1_12_R1.WorldNBTStorage.checkSession(WorldNBTStorage.java:78) ~[craftbukkit.jar:git-Bukkit-ed8c725]
	at net.minecraft.server.v1_12_R1.World.checkSession(World.java:2692) ~[craftbukkit.jar:git-Bukkit-ed8c725]
	at net.minecraft.server.v1_12_R1.ChunkRegionLoader.a(ChunkRegionLoader.java:118) ~[craftbukkit.jar:git-Bukkit-ed8c725]
	at net.minecraft.server.v1_12_R1.ChunkProviderServer.saveChunk(ChunkProviderServer.java:207) [craftbukkit.jar:git-Bukkit-ed8c725]
	at net.minecraft.server.v1_12_R1.ChunkProviderServer.unloadChunk(ChunkProviderServer.java:299) [craftbukkit.jar:git-Bukkit-ed8c725]
	at net.minecraft.server.v1_12_R1.ChunkProviderServer.unloadChunks(ChunkProviderServer.java:257) [craftbukkit.jar:git-Bukkit-ed8c725]
	at net.minecraft.server.v1_12_R1.WorldServer.doTick(WorldServer.java:242) [craftbukkit.jar:git-Bukkit-ed8c725]
	at net.minecraft.server.v1_12_R1.MinecraftServer.D(MinecraftServer.java:739) [craftbukkit.jar:git-Bukkit-ed8c725]
	at net.minecraft.server.v1_12_R1.DedicatedServer.D(DedicatedServer.java:366) [craftbukkit.jar:git-Bukkit-ed8c725]
	at net.minecraft.server.v1_12_R1.MinecraftServer.C(MinecraftServer.java:650) [craftbukkit.jar:git-Bukkit-ed8c725]
	at net.minecraft.server.v1_12_R1.MinecraftServer.run(MinecraftServer.java:554) [craftbukkit.jar:git-Bukkit-ed8c725]
	at java.lang.Thread.run(Unknown Source) [?:1.8.0_421]
[17:12:52] [Server thread/ERROR]: Couldn't save chunk; already in use by another instance of Minecraft?
net.minecraft.server.v1_12_R1.ExceptionWorldConflict: The save is being accessed from another location, aborting
	at net.minecraft.server.v1_12_R1.WorldNBTStorage.checkSession(WorldNBTStorage.java:78) ~[craftbukkit.jar:git-Bukkit-ed8c725]
	at net.minecraft.server.v1_12_R1.World.checkSession(World.java:2692) ~[craftbukkit.jar:git-Bukkit-ed8c725]
	at net.minecraft.server.v1_12_R1.ChunkRegionLoader.a(ChunkRegionLoader.java:118) ~[craftbukkit.jar:git-Bukkit-ed8c725]
	at net.minecraft.server.v1_12_R1.ChunkProviderServer.saveChunk(ChunkProviderServer.java:207) [craftbukkit.jar:git-Bukkit-ed8c725]
	at net.minecraft.server.v1_12_R1.ChunkProviderServer.unloadChunk(ChunkProviderServer.java:299) [craftbukkit.jar:git-Bukkit-ed8c725]
	at net.minecraft.server.v1_12_R1.ChunkProviderServer.unloadChunks(ChunkProviderServer.java:257) [craftbukkit.jar:git-Bukkit-ed8c725]
	at net.minecraft.server.v1_12_R1.WorldServer.doTick(WorldServer.java:242) [craftbukkit.jar:git-Bukkit-ed8c725]
	at net.minecraft.server.v1_12_R1.MinecraftServer.D(MinecraftServer.java:739) [craftbukkit.jar:git-Bukkit-ed8c725]
	at net.minecraft.server.v1_12_R1.DedicatedServer.D(DedicatedServer.java:366) [craftbukkit.jar:git-Bukkit-ed8c725]
	at net.minecraft.server.v1_12_R1.MinecraftServer.C(MinecraftServer.java:650) [craftbukkit.jar:git-Bukkit-ed8c725]
	at net.minecraft.server.v1_12_R1.MinecraftServer.run(MinecraftServer.java:554) [craftbukkit.jar:git-Bukkit-ed8c725]
	at java.lang.Thread.run(Unknown Source) [?:1.8.0_421]
[17:12:52] [Server thread/ERROR]: Couldn't save chunk; already in use by another instance of Minecraft?
net.minecraft.server.v1_12_R1.ExceptionWorldConflict: The save is being accessed from another location, aborting
	at net.minecraft.server.v1_12_R1.WorldNBTStorage.checkSession(WorldNBTStorage.java:78) ~[craftbukkit.jar:git-Bukkit-ed8c725]
	at net.minecraft.server.v1_12_R1.World.checkSession(World.java:2692) ~[craftbukkit.jar:git-Bukkit-ed8c725]
	at net.minecraft.server.v1_12_R1.ChunkRegionLoader.a(ChunkRegionLoader.java:118) ~[craftbukkit.jar:git-Bukkit-ed8c725]
	at net.minecraft.server.v1_12_R1.ChunkProviderServer.saveChunk(ChunkProviderServer.java:207) [craftbukkit.jar:git-Bukkit-ed8c725]
	at net.minecraft.server.v1_12_R1.ChunkProviderServer.unloadChunk(ChunkProviderServer.java:299) [craftbukkit.jar:git-Bukkit-ed8c725]
	at net.minecraft.server.v1_12_R1.ChunkProviderServer.unloadChunks(ChunkProviderServer.java:257) [craftbukkit.jar:git-Bukkit-ed8c725]
	at net.minecraft.server.v1_12_R1.WorldServer.doTick(WorldServer.java:242) [craftbukkit.jar:git-Bukkit-ed8c725]
	at net.minecraft.server.v1_12_R1.MinecraftServer.D(MinecraftServer.java:739) [craftbukkit.jar:git-Bukkit-ed8c725]
	at net.minecraft.server.v1_12_R1.DedicatedServer.D(DedicatedServer.java:366) [craftbukkit.jar:git-Bukkit-ed8c725]
	at net.minecraft.server.v1_12_R1.MinecraftServer.C(MinecraftServer.java:650) [craftbukkit.jar:git-Bukkit-ed8c725]
	at net.minecraft.server.v1_12_R1.MinecraftServer.run(MinecraftServer.java:554) [craftbukkit.jar:git-Bukkit-ed8c725]
	at java.lang.Thread.run(Unknown Source) [?:1.8.0_421]
[17:12:52] [Server thread/ERROR]: Couldn't save chunk; already in use by another instance of Minecraft?
net.minecraft.server.v1_12_R1.ExceptionWorldConflict: The save is being accessed from another location, aborting
	at net.minecraft.server.v1_12_R1.WorldNBTStorage.checkSession(WorldNBTStorage.java:78) ~[craftbukkit.jar:git-Bukkit-ed8c725]
	at net.minecraft.server.v1_12_R1.World.checkSession(World.java:2692) ~[craftbukkit.jar:git-Bukkit-ed8c725]
	at net.minecraft.server.v1_12_R1.ChunkRegionLoader.a(ChunkRegionLoader.java:118) ~[craftbukkit.jar:git-Bukkit-ed8c725]
	at net.minecraft.server.v1_12_R1.ChunkProviderServer.saveChunk(ChunkProviderServer.java:207) [craftbukkit.jar:git-Bukkit-ed8c725]
	at net.minecraft.server.v1_12_R1.ChunkProviderServer.unloadChunk(ChunkProviderServer.java:299) [craftbukkit.jar:git-Bukkit-ed8c725]
	at net.minecraft.server.v1_12_R1.ChunkProviderServer.unloadChunks(ChunkProviderServer.java:257) [craftbukkit.jar:git-Bukkit-ed8c725]
	at net.minecraft.server.v1_12_R1.WorldServer.doTick(WorldServer.java:242) [craftbukkit.jar:git-Bukkit-ed8c725]
	at net.minecraft.server.v1_12_R1.MinecraftServer.D(MinecraftServer.java:739) [craftbukkit.jar:git-Bukkit-ed8c725]
	at net.minecraft.server.v1_12_R1.DedicatedServer.D(DedicatedServer.java:366) [craftbukkit.jar:git-Bukkit-ed8c725]
	at net.minecraft.server.v1_12_R1.MinecraftServer.C(MinecraftServer.java:650) [craftbukkit.jar:git-Bukkit-ed8c725]
	at net.minecraft.server.v1_12_R1.MinecraftServer.run(MinecraftServer.java:554) [craftbukkit.jar:git-Bukkit-ed8c725]
	at java.lang.Thread.run(Unknown Source) [?:1.8.0_421]
[17:12:52] [Server thread/ERROR]: Couldn't save chunk; already in use by another instance of Minecraft?
net.minecraft.server.v1_12_R1.ExceptionWorldConflict: The save is being accessed from another location, aborting
	at net.minecraft.server.v1_12_R1.WorldNBTStorage.checkSession(WorldNBTStorage.java:78) ~[craftbukkit.jar:git-Bukkit-ed8c725]
	at net.minecraft.server.v1_12_R1.World.checkSession(World.java:2692) ~[craftbukkit.jar:git-Bukkit-ed8c725]
	at net.minecraft.server.v1_12_R1.ChunkRegionLoader.a(ChunkRegionLoader.java:118) ~[craftbukkit.jar:git-Bukkit-ed8c725]
	at net.minecraft.server.v1_12_R1.ChunkProviderServer.saveChunk(ChunkProviderServer.java:207) [craftbukkit.jar:git-Bukkit-ed8c725]
	at net.minecraft.server.v1_12_R1.ChunkProviderServer.unloadChunk(ChunkProviderServer.java:299) [craftbukkit.jar:git-Bukkit-ed8c725]
	at net.minecraft.server.v1_12_R1.ChunkProviderServer.unloadChunks(ChunkProviderServer.java:257) [craftbukkit.jar:git-Bukkit-ed8c725]
	at net.minecraft.server.v1_12_R1.WorldServer.doTick(WorldServer.java:242) [craftbukkit.jar:git-Bukkit-ed8c725]
	at net.minecraft.server.v1_12_R1.MinecraftServer.D(MinecraftServer.java:739) [craftbukkit.jar:git-Bukkit-ed8c725]
	at net.minecraft.server.v1_12_R1.DedicatedServer.D(DedicatedServer.java:366) [craftbukkit.jar:git-Bukkit-ed8c725]
	at net.minecraft.server.v1_12_R1.MinecraftServer.C(MinecraftServer.java:650) [craftbukkit.jar:git-Bukkit-ed8c725]
	at net.minecraft.server.v1_12_R1.MinecraftServer.run(MinecraftServer.java:554) [craftbukkit.jar:git-Bukkit-ed8c725]
	at java.lang.Thread.run(Unknown Source) [?:1.8.0_421]
[17:13:36] [Netty Server IO #2/INFO]: <Fortcraft354> worldstate status[m
[17:15:47] [Server thread/WARN]: The save is being accessed from another location, aborting
[17:15:47] [Server thread/WARN]: The save is being accessed from another location, aborting
[17:15:47] [Server thread/WARN]: The save is being accessed from another location, aborting
[17:16:50] [Server thread/INFO]: [RaspberryJuice] Closed connection to/127.0.0.1:60636.
[17:16:50] [Server thread/INFO]: [RaspberryJuice] Closed connection to/127.0.0.1:60637.
[17:17:21] [Thread-5/INFO]: [RaspberryJuice] Opened connection to/127.0.0.1:60894.
[17:17:21] [Thread-40/INFO]: [RaspberryJuice] Starting output thread!
[17:17:21] [Thread-39/INFO]: [RaspberryJuice] Starting input thread
[17:17:21] [Thread-5/INFO]: [RaspberryJuice] Opened connection to/127.0.0.1:60895.
[17:17:21] [Thread-41/INFO]: [RaspberryJuice] Starting input thread
[17:17:21] [Thread-42/INFO]: [RaspberryJuice] Starting output thread!
[17:17:29] [Netty Server IO #2/INFO]: <Fortcraft354> worldstate start[m
[17:17:32] [Netty Server IO #2/INFO]: <Fortcraft354> builder set schem=importar[m
[17:17:35] [Netty Server IO #2/INFO]: <Fortcraft354> builder start[m
[17:17:37] [Netty Server IO #2/INFO]: <Fortcraft354> miner start[m
[17:17:41] [Netty Server IO #2/INFO]: <Fortcraft354> explorer set range=12 strategy=spiral[m
[17:17:44] [Netty Server IO #2/INFO]: <Fortcraft354> explorer start x=-480 z=-490[m
[17:18:52] [Server thread/ERROR]: Couldn't save chunk; already in use by another instance of Minecraft?
net.minecraft.server.v1_12_R1.ExceptionWorldConflict: The save is being accessed from another location, aborting
	at net.minecraft.server.v1_12_R1.WorldNBTStorage.checkSession(WorldNBTStorage.java:78) ~[craftbukkit.jar:git-Bukkit-ed8c725]
	at net.minecraft.server.v1_12_R1.World.checkSession(World.java:2692) ~[craftbukkit.jar:git-Bukkit-ed8c725]
	at net.minecraft.server.v1_12_R1.ChunkRegionLoader.a(ChunkRegionLoader.java:118) ~[craftbukkit.jar:git-Bukkit-ed8c725]
	at net.minecraft.server.v1_12_R1.ChunkProviderServer.saveChunk(ChunkProviderServer.java:207) [craftbukkit.jar:git-Bukkit-ed8c725]
	at net.minecraft.server.v1_12_R1.ChunkProviderServer.unloadChunk(ChunkProviderServer.java:299) [craftbukkit.jar:git-Bukkit-ed8c725]
	at net.minecraft.server.v1_12_R1.ChunkProviderServer.unloadChunks(ChunkProviderServer.java:257) [craftbukkit.jar:git-Bukkit-ed8c725]
	at net.minecraft.server.v1_12_R1.WorldServer.doTick(WorldServer.java:242) [craftbukkit.jar:git-Bukkit-ed8c725]
	at net.minecraft.server.v1_12_R1.MinecraftServer.D(MinecraftServer.java:739) [craftbukkit.jar:git-Bukkit-ed8c725]
	at net.minecraft.server.v1_12_R1.DedicatedServer.D(DedicatedServer.java:366) [craftbukkit.jar:git-Bukkit-ed8c725]
	at net.minecraft.server.v1_12_R1.MinecraftServer.C(MinecraftServer.java:650) [craftbukkit.jar:git-Bukkit-ed8c725]
	at net.minecraft.server.v1_12_R1.MinecraftServer.run(MinecraftServer.java:554) [craftbukkit.jar:git-Bukkit-ed8c725]
	at java.lang.Thread.run(Unknown Source) [?:1.8.0_421]
[17:18:52] [Server thread/ERROR]: Couldn't save chunk; already in use by another instance of Minecraft?
net.minecraft.server.v1_12_R1.ExceptionWorldConflict: The save is being accessed from another location, aborting
	at net.minecraft.server.v1_12_R1.WorldNBTStorage.checkSession(WorldNBTStorage.java:78) ~[craftbukkit.jar:git-Bukkit-ed8c725]
	at net.minecraft.server.v1_12_R1.World.checkSession(World.java:2692) ~[craftbukkit.jar:git-Bukkit-ed8c725]
	at net.minecraft.server.v1_12_R1.ChunkRegionLoader.a(ChunkRegionLoader.java:118) ~[craftbukkit.jar:git-Bukkit-ed8c725]
	at net.minecraft.server.v1_12_R1.ChunkProviderServer.saveChunk(ChunkProviderServer.java:207) [craftbukkit.jar:git-Bukkit-ed8c725]
	at net.minecraft.server.v1_12_R1.ChunkProviderServer.unloadChunk(ChunkProviderServer.java:299) [craftbukkit.jar:git-Bukkit-ed8c725]
	at net.minecraft.server.v1_12_R1.ChunkProviderServer.unloadChunks(ChunkProviderServer.java:257) [craftbukkit.jar:git-Bukkit-ed8c725]
	at net.minecraft.server.v1_12_R1.WorldServer.doTick(WorldServer.java:242) [craftbukkit.jar:git-Bukkit-ed8c725]
	at net.minecraft.server.v1_12_R1.MinecraftServer.D(MinecraftServer.java:739) [craftbukkit.jar:git-Bukkit-ed8c725]
	at net.minecraft.server.v1_12_R1.DedicatedServer.D(DedicatedServer.java:366) [craftbukkit.jar:git-Bukkit-ed8c725]
	at net.minecraft.server.v1_12_R1.MinecraftServer.C(MinecraftServer.java:650) [craftbukkit.jar:git-Bukkit-ed8c725]
	at net.minecraft.server.v1_12_R1.MinecraftServer.run(MinecraftServer.java:554) [craftbukkit.jar:git-Bukkit-ed8c725]
	at java.lang.Thread.run(Unknown Source) [?:1.8.0_421]
[17:19:22] [Server thread/ERROR]: Couldn't save chunk; already in use by another instance of Minecraft?
net.minecraft.server.v1_12_R1.ExceptionWorldConflict: The save is being accessed from another location, aborting
	at net.minecraft.server.v1_12_R1.WorldNBTStorage.checkSession(WorldNBTStorage.java:78) ~[craftbukkit.jar:git-Bukkit-ed8c725]
	at net.minecraft.server.v1_12_R1.World.checkSession(World.java:2692) ~[craftbukkit.jar:git-Bukkit-ed8c725]
	at net.minecraft.server.v1_12_R1.ChunkRegionLoader.a(ChunkRegionLoader.java:118) ~[craftbukkit.jar:git-Bukkit-ed8c725]
	at net.minecraft.server.v1_12_R1.ChunkProviderServer.saveChunk(ChunkProviderServer.java:207) [craftbukkit.jar:git-Bukkit-ed8c725]
	at net.minecraft.server.v1_12_R1.ChunkProviderServer.unloadChunk(ChunkProviderServer.java:299) [craftbukkit.jar:git-Bukkit-ed8c725]
	at net.minecraft.server.v1_12_R1.ChunkProviderServer.unloadChunks(ChunkProviderServer.java:257) [craftbukkit.jar:git-Bukkit-ed8c725]
	at net.minecraft.server.v1_12_R1.WorldServer.doTick(WorldServer.java:242) [craftbukkit.jar:git-Bukkit-ed8c725]
	at net.minecraft.server.v1_12_R1.MinecraftServer.D(MinecraftServer.java:739) [craftbukkit.jar:git-Bukkit-ed8c725]
	at net.minecraft.server.v1_12_R1.DedicatedServer.D(DedicatedServer.java:366) [craftbukkit.jar:git-Bukkit-ed8c725]
	at net.minecraft.server.v1_12_R1.MinecraftServer.C(MinecraftServer.java:650) [craftbukkit.jar:git-Bukkit-ed8c725]
	at net.minecraft.server.v1_12_R1.MinecraftServer.run(MinecraftServer.java:554) [craftbukkit.jar:git-Bukkit-ed8c725]
	at java.lang.Thread.run(Unknown Source) [?:1.8.0_421]
[17:19:22] [Server thread/ERROR]: Couldn't save chunk; already in use by another instance of Minecraft?
net.minecraft.server.v1_12_R1.ExceptionWorldConflict: The save is being accessed from another location, aborting
	at net.minecraft.server.v1_12_R1.WorldNBTStorage.checkSession(WorldNBTStorage.java:78) ~[craftbukkit.jar:git-Bukkit-ed8c725]
	at net.minecraft.server.v1_12_R1.World.checkSession(World.java:2692) ~[craftbukkit.jar:git-Bukkit-ed8c725]
	at net.minecraft.server.v1_12_R1.ChunkRegionLoader.a(ChunkRegionLoader.java:118) ~[craftbukkit.jar:git-Bukkit-ed8c725]
	at net.minecraft.server.v1_12_R1.ChunkProviderServer.saveChunk(ChunkProviderServer.java:207) [craftbukkit.jar:git-Bukkit-ed8c725]
	at net.minecraft.server.v1_12_R1.ChunkProviderServer.unloadChunk(ChunkProviderServer.java:299) [craftbukkit.jar:git-Bukkit-ed8c725]
	at net.minecraft.server.v1_12_R1.ChunkProviderServer.unloadChunks(ChunkProviderServer.java:257) [craftbukkit.jar:git-Bukkit-ed8c725]
	at net.minecraft.server.v1_12_R1.WorldServer.doTick(WorldServer.java:242) [craftbukkit.jar:git-Bukkit-ed8c725]
	at net.minecraft.server.v1_12_R1.MinecraftServer.D(MinecraftServer.java:739) [craftbukkit.jar:git-Bukkit-ed8c725]
	at net.minecraft.server.v1_12_R1.DedicatedServer.D(DedicatedServer.java:366) [craftbukkit.jar:git-Bukkit-ed8c725]
	at net.minecraft.server.v1_12_R1.MinecraftServer.C(MinecraftServer.java:650) [craftbukkit.jar:git-Bukkit-ed8c725]
	at net.minecraft.server.v1_12_R1.MinecraftServer.run(MinecraftServer.java:554) [craftbukkit.jar:git-Bukkit-ed8c725]
	at java.lang.Thread.run(Unknown Source) [?:1.8.0_421]
[17:19:22] [Server thread/ERROR]: Couldn't save chunk; already in use by another instance of Minecraft?
net.minecraft.server.v1_12_R1.ExceptionWorldConflict: The save is being accessed from another location, aborting
	at net.minecraft.server.v1_12_R1.WorldNBTStorage.checkSession(WorldNBTStorage.java:78) ~[craftbukkit.jar:git-Bukkit-ed8c725]
	at net.minecraft.server.v1_12_R1.World.checkSession(World.java:2692) ~[craftbukkit.jar:git-Bukkit-ed8c725]
	at net.minecraft.server.v1_12_R1.ChunkRegionLoader.a(ChunkRegionLoader.java:118) ~[craftbukkit.jar:git-Bukkit-ed8c725]
	at net.minecraft.server.v1_12_R1.ChunkProviderServer.saveChunk(ChunkProviderServer.java:207) [craftbukkit.jar:git-Bukkit-ed8c725]
	at net.minecraft.server.v1_12_R1.ChunkProviderServer.unloadChunk(ChunkProviderServer.java:299) [craftbukkit.jar:git-Bukkit-ed8c725]
	at net.minecraft.server.v1_12_R1.ChunkProviderServer.unloadChunks(ChunkProviderServer.java:257) [craftbukkit.jar:git-Bukkit-ed8c725]
	at net.minecraft.server.v1_12_R1.WorldServer.doTick(WorldServer.java:242) [craftbukkit.jar:git-Bukkit-ed8c725]
	at net.minecraft.server.v1_12_R1.MinecraftServer.D(MinecraftServer.java:739) [craftbukkit.jar:git-Bukkit-ed8c725]
	at net.minecraft.server.v1_12_R1.DedicatedServer.D(DedicatedServer.java:366) [craftbukkit.jar:git-Bukkit-ed8c725]
	at net.minecraft.server.v1_12_R1.MinecraftServer.C(MinecraftServer.java:650) [craftbukkit.jar:git-Bukkit-ed8c725]
	at net.minecraft.server.v1_12_R1.MinecraftServer.run(MinecraftServer.java:554) [craftbukkit.jar:git-Bukkit-ed8c725]
	at java.lang.Thread.run(Unknown Source) [?:1.8.0_421]
[17:19:22] [Server thread/ERROR]: Couldn't save chunk; already in use by another instance of Minecraft?
net.minecraft.server.v1_12_R1.ExceptionWorldConflict: The save is being accessed from another location, aborting
	at net.minecraft.server.v1_12_R1.WorldNBTStorage.checkSession(WorldNBTStorage.java:78) ~[craftbukkit.jar:git-Bukkit-ed8c725]
	at net.minecraft.server.v1_12_R1.World.checkSession(World.java:2692) ~[craftbukkit.jar:git-Bukkit-ed8c725]
	at net.minecraft.server.v1_12_R1.ChunkRegionLoader.a(ChunkRegionLoader.java:118) ~[craftbukkit.jar:git-Bukkit-ed8c725]
	at net.minecraft.server.v1_12_R1.ChunkProviderServer.saveChunk(ChunkProviderServer.java:207) [craftbukkit.jar:git-Bukkit-ed8c725]
	at net.minecraft.server.v1_12_R1.ChunkProviderServer.unloadChunk(ChunkProviderServer.java:299) [craftbukkit.jar:git-Bukkit-ed8c725]
	at net.minecraft.server.v1_12_R1.ChunkProviderServer.unloadChunks(ChunkProviderServer.java:257) [craftbukkit.jar:git-Bukkit-ed8c725]
	at net.minecraft.server.v1_12_R1.WorldServer.doTick(WorldServer.java:242) [craftbukkit.jar:git-Bukkit-ed8c725]
	at net.minecraft.server.v1_12_R1.MinecraftServer.D(MinecraftServer.java:739) [craftbukkit.jar:git-Bukkit-ed8c725]
	at net.minecraft.server.v1_12_R1.DedicatedServer.D(DedicatedServer.java:366) [craftbukkit.jar:git-Bukkit-ed8c725]
	at net.minecraft.server.v1_12_R1.MinecraftServer.C(MinecraftServer.java:650) [craftbukkit.jar:git-Bukkit-ed8c725]
	at net.minecraft.server.v1_12_R1.MinecraftServer.run(MinecraftServer.java:554) [craftbukkit.jar:git-Bukkit-ed8c725]
	at java.lang.Thread.run(Unknown Source) [?:1.8.0_421]
[17:19:52] [Server thread/ERROR]: Couldn't save chunk; already in use by another instance of Minecraft?
net.minecraft.server.v1_12_R1.ExceptionWorldConflict: The save is being accessed from another location, aborting
	at net.minecraft.server.v1_12_R1.WorldNBTStorage.checkSession(WorldNBTStorage.java:78) ~[craftbukkit.jar:git-Bukkit-ed8c725]
	at net.minecraft.server.v1_12_R1.World.checkSession(World.java:2692) ~[craftbukkit.jar:git-Bukkit-ed8c725]
	at net.minecraft.server.v1_12_R1.ChunkRegionLoader.a(ChunkRegionLoader.java:118) ~[craftbukkit.jar:git-Bukkit-ed8c725]
	at net.minecraft.server.v1_12_R1.ChunkProviderServer.saveChunk(ChunkProviderServer.java:207) [craftbukkit.jar:git-Bukkit-ed8c725]
	at net.minecraft.server.v1_12_R1.ChunkProviderServer.unloadChunk(ChunkProviderServer.java:299) [craftbukkit.jar:git-Bukkit-ed8c725]
	at net.minecraft.server.v1_12_R1.ChunkProviderServer.unloadChunks(ChunkProviderServer.java:257) [craftbukkit.jar:git-Bukkit-ed8c725]
	at net.minecraft.server.v1_12_R1.WorldServer.doTick(WorldServer.java:242) [craftbukkit.jar:git-Bukkit-ed8c725]
	at net.minecraft.server.v1_12_R1.MinecraftServer.D(MinecraftServer.java:739) [craftbukkit.jar:git-Bukkit-ed8c725]
	at net.minecraft.server.v1_12_R1.DedicatedServer.D(DedicatedServer.java:366) [craftbukkit.jar:git-Bukkit-ed8c725]
	at net.minecraft.server.v1_12_R1.MinecraftServer.C(MinecraftServer.java:650) [craftbukkit.jar:git-Bukkit-ed8c725]
	at net.minecraft.server.v1_12_R1.MinecraftServer.run(MinecraftServer.java:554) [craftbukkit.jar:git-Bukkit-ed8c725]
	at java.lang.Thread.run(Unknown Source) [?:1.8.0_421]
[17:19:52] [Server thread/ERROR]: Couldn't save chunk; already in use by another instance of Minecraft?
net.minecraft.server.v1_12_R1.ExceptionWorldConflict: The save is being accessed from another location, aborting
	at net.minecraft.server.v1_12_R1.WorldNBTStorage.checkSession(WorldNBTStorage.java:78) ~[craftbukkit.jar:git-Bukkit-ed8c725]
	at net.minecraft.server.v1_12_R1.World.checkSession(World.java:2692) ~[craftbukkit.jar:git-Bukkit-ed8c725]
	at net.minecraft.server.v1_12_R1.ChunkRegionLoader.a(ChunkRegionLoader.java:118) ~[craftbukkit.jar:git-Bukkit-ed8c725]
	at net.minecraft.server.v1_12_R1.ChunkProviderServer.saveChunk(ChunkProviderServer.java:207) [craftbukkit.jar:git-Bukkit-ed8c725]
	at net.minecraft.server.v1_12_R1.ChunkProviderServer.unloadChunk(ChunkProviderServer.java:299) [craftbukkit.jar:git-Bukkit-ed8c725]
	at net.minecraft.server.v1_12_R1.ChunkProviderServer.unloadChunks(ChunkProviderServer.java:257) [craftbukkit.jar:git-Bukkit-ed8c725]
	at net.minecraft.server.v1_12_R1.WorldServer.doTick(WorldServer.java:242) [craftbukkit.jar:git-Bukkit-ed8c725]
	at net.minecraft.server.v1_12_R1.MinecraftServer.D(MinecraftServer.java:739) [craftbukkit.jar:git-Bukkit-ed8c725]
	at net.minecraft.server.v1_12_R1.DedicatedServer.D(DedicatedServer.java:366) [craftbukkit.jar:git-Bukkit-ed8c725]
	at net.minecraft.server.v1_12_R1.MinecraftServer.C(MinecraftServer.java:650) [craftbukkit.jar:git-Bukkit-ed8c725]
	at net.minecraft.server.v1_12_R1.MinecraftServer.run(MinecraftServer.java:554) [craftbukkit.jar:git-Bukkit-ed8c725]
	at java.lang.Thread.run(Unknown Source) [?:1.8.0_421]
[17:20:47] [Server thread/WARN]: The save is being accessed from another location, aborting
[17:20:47] [Server thread/WARN]: The save is being accessed from another location, aborting
[17:20:47] [Server thread/WARN]: The save is being accessed from another location, aborting
[17:23:16] [Server thread/INFO]: [RaspberryJuice] Closed connection to/127.0.0.1:60894.
[17:23:16] [Server thread/INFO]: [RaspberryJuice] Closed connection to/127.0.0.1:60895.
[17:23:20] [Thread-5/INFO]: [RaspberryJuice] Opened connection to/127.0.0.1:61091.
[17:23:20] [Thread-44/INFO]: [RaspberryJuice] Starting output thread!
[17:23:20] [Thread-43/INFO]: [RaspberryJuice] Starting input thread
[17:23:20] [Server thread/INFO]: [RaspberryJuice] Closed connection to/127.0.0.1:61091.
[17:24:07] [Thread-5/INFO]: [RaspberryJuice] Opened connection to/127.0.0.1:61117.
[17:24:07] [Thread-46/INFO]: [RaspberryJuice] Starting output thread!
[17:24:07] [Thread-45/INFO]: [RaspberryJuice] Starting input thread
[17:24:07] [Thread-5/INFO]: [RaspberryJuice] Opened connection to/127.0.0.1:61118.
[17:24:07] [Thread-48/INFO]: [RaspberryJuice] Starting output thread!
[17:24:07] [Thread-47/INFO]: [RaspberryJuice] Starting input thread
[17:24:13] [Netty Server IO #2/INFO]: <Fortcraft354> worldstate start[m
[17:24:16] [Netty Server IO #2/INFO]: <Fortcraft354> builder set schem=importar[m
[17:24:17] [Netty Server IO #2/INFO]: <Fortcraft354> builder start[m
[17:24:19] [Netty Server IO #2/INFO]: <Fortcraft354> miner start[m
[17:24:21] [Netty Server IO #2/INFO]: <Fortcraft354> explorer set range=12 strategy=spiral[m
[17:24:22] [Netty Server IO #2/INFO]: <Fortcraft354> explorer start x=-480 z=-490[m
[17:25:47] [Server thread/WARN]: The save is being accessed from another location, aborting
[17:25:47] [Server thread/WARN]: The save is being accessed from another location, aborting
[17:25:47] [Server thread/WARN]: The save is being accessed from another location, aborting
[17:28:33] [Server thread/INFO]: [RaspberryJuice] Closed connection to/127.0.0.1:61117.
[17:28:33] [Server thread/INFO]: [RaspberryJuice] Closed connection to/127.0.0.1:61118.
[17:28:36] [Thread-5/INFO]: [RaspberryJuice] Opened connection to/127.0.0.1:61276.
[17:28:36] [Thread-49/INFO]: [RaspberryJuice] Starting input thread
[17:28:36] [Thread-50/INFO]: [RaspberryJuice] Starting output thread!
[17:28:36] [Thread-5/INFO]: [RaspberryJuice] Opened connection to/127.0.0.1:61277.
[17:28:36] [Thread-52/INFO]: [RaspberryJuice] Starting output thread!
[17:28:36] [Thread-51/INFO]: [RaspberryJuice] Starting input thread
[17:28:55] [Netty Server IO #2/INFO]: <Fortcraft354> worldstate start[m
[17:28:59] [Netty Server IO #2/INFO]: <Fortcraft354> builder set schem=importar[m
[17:29:06] [Netty Server IO #2/INFO]: <Fortcraft354> builder start[m
[17:29:07] [Netty Server IO #2/INFO]: <Fortcraft354> miner start[m
[17:29:09] [Netty Server IO #2/INFO]: <Fortcraft354> explorer set range=12 strategy=spiral[m
[17:29:12] [Netty Server IO #2/INFO]: <Fortcraft354> explorer start x=-480 z=-490[m
[17:30:09] [Server thread/INFO]: [RaspberryJuice] Closed connection to/127.0.0.1:61276.
[17:30:09] [Server thread/INFO]: [RaspberryJuice] Closed connection to/127.0.0.1:61277.
[17:30:47] [Server thread/WARN]: The save is being accessed from another location, aborting
[17:30:47] [Server thread/WARN]: The save is being accessed from another location, aborting
[17:30:47] [Server thread/WARN]: The save is being accessed from another location, aborting
[17:33:34] [Thread-5/INFO]: [RaspberryJuice] Opened connection to/127.0.0.1:61462.
[17:33:34] [Thread-54/INFO]: [RaspberryJuice] Starting output thread!
[17:33:34] [Thread-53/INFO]: [RaspberryJuice] Starting input thread
[17:33:34] [Thread-5/INFO]: [RaspberryJuice] Opened connection to/127.0.0.1:61463.
[17:33:34] [Thread-55/INFO]: [RaspberryJuice] Starting input thread
[17:33:34] [Thread-56/INFO]: [RaspberryJuice] Starting output thread!
[17:33:39] [Netty Server IO #2/INFO]: <Fortcraft354> worldstate start[m
[17:33:41] [Netty Server IO #2/INFO]: <Fortcraft354> builder set schem=importar[m
[17:33:43] [Netty Server IO #2/INFO]: <Fortcraft354> builder start[m
[17:33:45] [Netty Server IO #2/INFO]: <Fortcraft354> explorer set range=12 strategy=spiral[m
[17:33:47] [Netty Server IO #2/INFO]: <Fortcraft354> explorer start x=-480 z=-490[m
[17:35:41] [Server thread/INFO]: [RaspberryJuice] Closed connection to/127.0.0.1:61462.
[17:35:41] [Server thread/INFO]: [RaspberryJuice] Closed connection to/127.0.0.1:61463.
[17:35:42] [Thread-5/INFO]: [RaspberryJuice] Opened connection to/127.0.0.1:61565.
[17:35:42] [Thread-58/INFO]: [RaspberryJuice] Starting output thread!
[17:35:42] [Thread-57/INFO]: [RaspberryJuice] Starting input thread
[17:35:43] [Thread-5/INFO]: [RaspberryJuice] Opened connection to/127.0.0.1:61566.
[17:35:43] [Thread-59/INFO]: [RaspberryJuice] Starting input thread
[17:35:43] [Thread-60/INFO]: [RaspberryJuice] Starting output thread!
[17:35:46] [Netty Server IO #2/INFO]: <Fortcraft354> worldstate start[m
[17:35:47] [Server thread/WARN]: The save is being accessed from another location, aborting
[17:35:47] [Server thread/WARN]: The save is being accessed from another location, aborting
[17:35:47] [Server thread/WARN]: The save is being accessed from another location, aborting
[17:35:48] [Netty Server IO #2/INFO]: <Fortcraft354> builder set schem=importar[m
[17:35:50] [Netty Server IO #2/INFO]: <Fortcraft354> builder start[m
[17:35:52] [Netty Server IO #2/INFO]: <Fortcraft354> explorer set range=12 strategy=spiral[m
[17:35:54] [Netty Server IO #2/INFO]: <Fortcraft354> explorer start x=-480 z=-490[m
[17:37:37] [Server thread/INFO]: [RaspberryJuice] Closed connection to/127.0.0.1:61565.
[17:37:37] [Server thread/INFO]: [RaspberryJuice] Closed connection to/127.0.0.1:61566.
[17:37:53] [Thread-5/INFO]: [RaspberryJuice] Opened connection to/127.0.0.1:61647.
[17:37:53] [Thread-62/INFO]: [RaspberryJuice] Starting output thread!
[17:37:53] [Thread-61/INFO]: [RaspberryJuice] Starting input thread
[17:37:53] [Thread-5/INFO]: [RaspberryJuice] Opened connection to/127.0.0.1:61648.
[17:37:53] [Thread-63/INFO]: [RaspberryJuice] Starting input thread
[17:37:53] [Thread-64/INFO]: [RaspberryJuice] Starting output thread!
[17:37:56] [Netty Server IO #2/INFO]: <Fortcraft354> worldstate start[m
[17:37:58] [Netty Server IO #2/INFO]: <Fortcraft354> builder set schem=importar[m
[17:37:59] [Netty Server IO #2/INFO]: <Fortcraft354> builder start[m
[17:38:05] [Netty Server IO #2/INFO]: <Fortcraft354> miner start[m
[17:38:12] [Netty Server IO #2/INFO]: <Fortcraft354> explorer set range=7 strategy=spiral[m
[17:38:16] [Netty Server IO #2/INFO]: <Fortcraft354> explorer start x=-480 z=-490[m
[17:38:52] [Server thread/ERROR]: Couldn't save chunk; already in use by another instance of Minecraft?
net.minecraft.server.v1_12_R1.ExceptionWorldConflict: The save is being accessed from another location, aborting
	at net.minecraft.server.v1_12_R1.WorldNBTStorage.checkSession(WorldNBTStorage.java:78) ~[craftbukkit.jar:git-Bukkit-ed8c725]
	at net.minecraft.server.v1_12_R1.World.checkSession(World.java:2692) ~[craftbukkit.jar:git-Bukkit-ed8c725]
	at net.minecraft.server.v1_12_R1.ChunkRegionLoader.a(ChunkRegionLoader.java:118) ~[craftbukkit.jar:git-Bukkit-ed8c725]
	at net.minecraft.server.v1_12_R1.ChunkProviderServer.saveChunk(ChunkProviderServer.java:207) [craftbukkit.jar:git-Bukkit-ed8c725]
	at net.minecraft.server.v1_12_R1.ChunkProviderServer.unloadChunk(ChunkProviderServer.java:299) [craftbukkit.jar:git-Bukkit-ed8c725]
	at net.minecraft.server.v1_12_R1.ChunkProviderServer.unloadChunks(ChunkProviderServer.java:257) [craftbukkit.jar:git-Bukkit-ed8c725]
	at net.minecraft.server.v1_12_R1.WorldServer.doTick(WorldServer.java:242) [craftbukkit.jar:git-Bukkit-ed8c725]
	at net.minecraft.server.v1_12_R1.MinecraftServer.D(MinecraftServer.java:739) [craftbukkit.jar:git-Bukkit-ed8c725]
	at net.minecraft.server.v1_12_R1.DedicatedServer.D(DedicatedServer.java:366) [craftbukkit.jar:git-Bukkit-ed8c725]
	at net.minecraft.server.v1_12_R1.MinecraftServer.C(MinecraftServer.java:650) [craftbukkit.jar:git-Bukkit-ed8c725]
	at net.minecraft.server.v1_12_R1.MinecraftServer.run(MinecraftServer.java:554) [craftbukkit.jar:git-Bukkit-ed8c725]
	at java.lang.Thread.run(Unknown Source) [?:1.8.0_421]
[17:38:52] [Server thread/ERROR]: Couldn't save chunk; already in use by another instance of Minecraft?
net.minecraft.server.v1_12_R1.ExceptionWorldConflict: The save is being accessed from another location, aborting
	at net.minecraft.server.v1_12_R1.WorldNBTStorage.checkSession(WorldNBTStorage.java:78) ~[craftbukkit.jar:git-Bukkit-ed8c725]
	at net.minecraft.server.v1_12_R1.World.checkSession(World.java:2692) ~[craftbukkit.jar:git-Bukkit-ed8c725]
	at net.minecraft.server.v1_12_R1.ChunkRegionLoader.a(ChunkRegionLoader.java:118) ~[craftbukkit.jar:git-Bukkit-ed8c725]
	at net.minecraft.server.v1_12_R1.ChunkProviderServer.saveChunk(ChunkProviderServer.java:207) [craftbukkit.jar:git-Bukkit-ed8c725]
	at net.minecraft.server.v1_12_R1.ChunkProviderServer.unloadChunk(ChunkProviderServer.java:299) [craftbukkit.jar:git-Bukkit-ed8c725]
	at net.minecraft.server.v1_12_R1.ChunkProviderServer.unloadChunks(ChunkProviderServer.java:257) [craftbukkit.jar:git-Bukkit-ed8c725]
	at net.minecraft.server.v1_12_R1.WorldServer.doTick(WorldServer.java:242) [craftbukkit.jar:git-Bukkit-ed8c725]
	at net.minecraft.server.v1_12_R1.MinecraftServer.D(MinecraftServer.java:739) [craftbukkit.jar:git-Bukkit-ed8c725]
	at net.minecraft.server.v1_12_R1.DedicatedServer.D(DedicatedServer.java:366) [craftbukkit.jar:git-Bukkit-ed8c725]
	at net.minecraft.server.v1_12_R1.MinecraftServer.C(MinecraftServer.java:650) [craftbukkit.jar:git-Bukkit-ed8c725]
	at net.minecraft.server.v1_12_R1.MinecraftServer.run(MinecraftServer.java:554) [craftbukkit.jar:git-Bukkit-ed8c725]
	at java.lang.Thread.run(Unknown Source) [?:1.8.0_421]
[17:39:22] [Server thread/ERROR]: Couldn't save chunk; already in use by another instance of Minecraft?
net.minecraft.server.v1_12_R1.ExceptionWorldConflict: The save is being accessed from another location, aborting
	at net.minecraft.server.v1_12_R1.WorldNBTStorage.checkSession(WorldNBTStorage.java:78) ~[craftbukkit.jar:git-Bukkit-ed8c725]
	at net.minecraft.server.v1_12_R1.World.checkSession(World.java:2692) ~[craftbukkit.jar:git-Bukkit-ed8c725]
	at net.minecraft.server.v1_12_R1.ChunkRegionLoader.a(ChunkRegionLoader.java:118) ~[craftbukkit.jar:git-Bukkit-ed8c725]
	at net.minecraft.server.v1_12_R1.ChunkProviderServer.saveChunk(ChunkProviderServer.java:207) [craftbukkit.jar:git-Bukkit-ed8c725]
	at net.minecraft.server.v1_12_R1.ChunkProviderServer.unloadChunk(ChunkProviderServer.java:299) [craftbukkit.jar:git-Bukkit-ed8c725]
	at net.minecraft.server.v1_12_R1.ChunkProviderServer.unloadChunks(ChunkProviderServer.java:257) [craftbukkit.jar:git-Bukkit-ed8c725]
	at net.minecraft.server.v1_12_R1.WorldServer.doTick(WorldServer.java:242) [craftbukkit.jar:git-Bukkit-ed8c725]
	at net.minecraft.server.v1_12_R1.MinecraftServer.D(MinecraftServer.java:739) [craftbukkit.jar:git-Bukkit-ed8c725]
	at net.minecraft.server.v1_12_R1.DedicatedServer.D(DedicatedServer.java:366) [craftbukkit.jar:git-Bukkit-ed8c725]
	at net.minecraft.server.v1_12_R1.MinecraftServer.C(MinecraftServer.java:650) [craftbukkit.jar:git-Bukkit-ed8c725]
	at net.minecraft.server.v1_12_R1.MinecraftServer.run(MinecraftServer.java:554) [craftbukkit.jar:git-Bukkit-ed8c725]
	at java.lang.Thread.run(Unknown Source) [?:1.8.0_421]
[17:39:22] [Server thread/ERROR]: Couldn't save chunk; already in use by another instance of Minecraft?
net.minecraft.server.v1_12_R1.ExceptionWorldConflict: The save is being accessed from another location, aborting
	at net.minecraft.server.v1_12_R1.WorldNBTStorage.checkSession(WorldNBTStorage.java:78) ~[craftbukkit.jar:git-Bukkit-ed8c725]
	at net.minecraft.server.v1_12_R1.World.checkSession(World.java:2692) ~[craftbukkit.jar:git-Bukkit-ed8c725]
	at net.minecraft.server.v1_12_R1.ChunkRegionLoader.a(ChunkRegionLoader.java:118) ~[craftbukkit.jar:git-Bukkit-ed8c725]
	at net.minecraft.server.v1_12_R1.ChunkProviderServer.saveChunk(ChunkProviderServer.java:207) [craftbukkit.jar:git-Bukkit-ed8c725]
	at net.minecraft.server.v1_12_R1.ChunkProviderServer.unloadChunk(ChunkProviderServer.java:299) [craftbukkit.jar:git-Bukkit-ed8c725]
	at net.minecraft.server.v1_12_R1.ChunkProviderServer.unloadChunks(ChunkProviderServer.java:257) [craftbukkit.jar:git-Bukkit-ed8c725]
	at net.minecraft.server.v1_12_R1.WorldServer.doTick(WorldServer.java:242) [craftbukkit.jar:git-Bukkit-ed8c725]
	at net.minecraft.server.v1_12_R1.MinecraftServer.D(MinecraftServer.java:739) [craftbukkit.jar:git-Bukkit-ed8c725]
	at net.minecraft.server.v1_12_R1.DedicatedServer.D(DedicatedServer.java:366) [craftbukkit.jar:git-Bukkit-ed8c725]
	at net.minecraft.server.v1_12_R1.MinecraftServer.C(MinecraftServer.java:650) [craftbukkit.jar:git-Bukkit-ed8c725]
	at net.minecraft.server.v1_12_R1.MinecraftServer.run(MinecraftServer.java:554) [craftbukkit.jar:git-Bukkit-ed8c725]
	at java.lang.Thread.run(Unknown Source) [?:1.8.0_421]
[17:39:22] [Server thread/ERROR]: Couldn't save chunk; already in use by another instance of Minecraft?
net.minecraft.server.v1_12_R1.ExceptionWorldConflict: The save is being accessed from another location, aborting
	at net.minecraft.server.v1_12_R1.WorldNBTStorage.checkSession(WorldNBTStorage.java:78) ~[craftbukkit.jar:git-Bukkit-ed8c725]
	at net.minecraft.server.v1_12_R1.World.checkSession(World.java:2692) ~[craftbukkit.jar:git-Bukkit-ed8c725]
	at net.minecraft.server.v1_12_R1.ChunkRegionLoader.a(ChunkRegionLoader.java:118) ~[craftbukkit.jar:git-Bukkit-ed8c725]
	at net.minecraft.server.v1_12_R1.ChunkProviderServer.saveChunk(ChunkProviderServer.java:207) [craftbukkit.jar:git-Bukkit-ed8c725]
	at net.minecraft.server.v1_12_R1.ChunkProviderServer.unloadChunk(ChunkProviderServer.java:299) [craftbukkit.jar:git-Bukkit-ed8c725]
	at net.minecraft.server.v1_12_R1.ChunkProviderServer.unloadChunks(ChunkProviderServer.java:257) [craftbukkit.jar:git-Bukkit-ed8c725]
	at net.minecraft.server.v1_12_R1.WorldServer.doTick(WorldServer.java:242) [craftbukkit.jar:git-Bukkit-ed8c725]
	at net.minecraft.server.v1_12_R1.MinecraftServer.D(MinecraftServer.java:739) [craftbukkit.jar:git-Bukkit-ed8c725]
	at net.minecraft.server.v1_12_R1.DedicatedServer.D(DedicatedServer.java:366) [craftbukkit.jar:git-Bukkit-ed8c725]
	at net.minecraft.server.v1_12_R1.MinecraftServer.C(MinecraftServer.java:650) [craftbukkit.jar:git-Bukkit-ed8c725]
	at net.minecraft.server.v1_12_R1.MinecraftServer.run(MinecraftServer.java:554) [craftbukkit.jar:git-Bukkit-ed8c725]
	at java.lang.Thread.run(Unknown Source) [?:1.8.0_421]
[17:39:22] [Server thread/ERROR]: Couldn't save chunk; already in use by another instance of Minecraft?
net.minecraft.server.v1_12_R1.ExceptionWorldConflict: The save is being accessed from another location, aborting
	at net.minecraft.server.v1_12_R1.WorldNBTStorage.checkSession(WorldNBTStorage.java:78) ~[craftbukkit.jar:git-Bukkit-ed8c725]
	at net.minecraft.server.v1_12_R1.World.checkSession(World.java:2692) ~[craftbukkit.jar:git-Bukkit-ed8c725]
	at net.minecraft.server.v1_12_R1.ChunkRegionLoader.a(ChunkRegionLoader.java:118) ~[craftbukkit.jar:git-Bukkit-ed8c725]
	at net.minecraft.server.v1_12_R1.ChunkProviderServer.saveChunk(ChunkProviderServer.java:207) [craftbukkit.jar:git-Bukkit-ed8c725]
	at net.minecraft.server.v1_12_R1.ChunkProviderServer.unloadChunk(ChunkProviderServer.java:299) [craftbukkit.jar:git-Bukkit-ed8c725]
	at net.minecraft.server.v1_12_R1.ChunkProviderServer.unloadChunks(ChunkProviderServer.java:257) [craftbukkit.jar:git-Bukkit-ed8c725]
	at net.minecraft.server.v1_12_R1.WorldServer.doTick(WorldServer.java:242) [craftbukkit.jar:git-Bukkit-ed8c725]
	at net.minecraft.server.v1_12_R1.MinecraftServer.D(MinecraftServer.java:739) [craftbukkit.jar:git-Bukkit-ed8c725]
	at net.minecraft.server.v1_12_R1.DedicatedServer.D(DedicatedServer.java:366) [craftbukkit.jar:git-Bukkit-ed8c725]
	at net.minecraft.server.v1_12_R1.MinecraftServer.C(MinecraftServer.java:650) [craftbukkit.jar:git-Bukkit-ed8c725]
	at net.minecraft.server.v1_12_R1.MinecraftServer.run(MinecraftServer.java:554) [craftbukkit.jar:git-Bukkit-ed8c725]
	at java.lang.Thread.run(Unknown Source) [?:1.8.0_421]
[17:39:52] [Server thread/ERROR]: Couldn't save chunk; already in use by another instance of Minecraft?
net.minecraft.server.v1_12_R1.ExceptionWorldConflict: The save is being accessed from another location, aborting
	at net.minecraft.server.v1_12_R1.WorldNBTStorage.checkSession(WorldNBTStorage.java:78) ~[craftbukkit.jar:git-Bukkit-ed8c725]
	at net.minecraft.server.v1_12_R1.World.checkSession(World.java:2692) ~[craftbukkit.jar:git-Bukkit-ed8c725]
	at net.minecraft.server.v1_12_R1.ChunkRegionLoader.a(ChunkRegionLoader.java:118) ~[craftbukkit.jar:git-Bukkit-ed8c725]
	at net.minecraft.server.v1_12_R1.ChunkProviderServer.saveChunk(ChunkProviderServer.java:207) [craftbukkit.jar:git-Bukkit-ed8c725]
	at net.minecraft.server.v1_12_R1.ChunkProviderServer.unloadChunk(ChunkProviderServer.java:299) [craftbukkit.jar:git-Bukkit-ed8c725]
	at net.minecraft.server.v1_12_R1.ChunkProviderServer.unloadChunks(ChunkProviderServer.java:257) [craftbukkit.jar:git-Bukkit-ed8c725]
	at net.minecraft.server.v1_12_R1.WorldServer.doTick(WorldServer.java:242) [craftbukkit.jar:git-Bukkit-ed8c725]
	at net.minecraft.server.v1_12_R1.MinecraftServer.D(MinecraftServer.java:739) [craftbukkit.jar:git-Bukkit-ed8c725]
	at net.minecraft.server.v1_12_R1.DedicatedServer.D(DedicatedServer.java:366) [craftbukkit.jar:git-Bukkit-ed8c725]
	at net.minecraft.server.v1_12_R1.MinecraftServer.C(MinecraftServer.java:650) [craftbukkit.jar:git-Bukkit-ed8c725]
	at net.minecraft.server.v1_12_R1.MinecraftServer.run(MinecraftServer.java:554) [craftbukkit.jar:git-Bukkit-ed8c725]
	at java.lang.Thread.run(Unknown Source) [?:1.8.0_421]
[17:39:52] [Server thread/ERROR]: Couldn't save chunk; already in use by another instance of Minecraft?
net.minecraft.server.v1_12_R1.ExceptionWorldConflict: The save is being accessed from another location, aborting
	at net.minecraft.server.v1_12_R1.WorldNBTStorage.checkSession(WorldNBTStorage.java:78) ~[craftbukkit.jar:git-Bukkit-ed8c725]
	at net.minecraft.server.v1_12_R1.World.checkSession(World.java:2692) ~[craftbukkit.jar:git-Bukkit-ed8c725]
	at net.minecraft.server.v1_12_R1.ChunkRegionLoader.a(ChunkRegionLoader.java:118) ~[craftbukkit.jar:git-Bukkit-ed8c725]
	at net.minecraft.server.v1_12_R1.ChunkProviderServer.saveChunk(ChunkProviderServer.java:207) [craftbukkit.jar:git-Bukkit-ed8c725]
	at net.minecraft.server.v1_12_R1.ChunkProviderServer.unloadChunk(ChunkProviderServer.java:299) [craftbukkit.jar:git-Bukkit-ed8c725]
	at net.minecraft.server.v1_12_R1.ChunkProviderServer.unloadChunks(ChunkProviderServer.java:257) [craftbukkit.jar:git-Bukkit-ed8c725]
	at net.minecraft.server.v1_12_R1.WorldServer.doTick(WorldServer.java:242) [craftbukkit.jar:git-Bukkit-ed8c725]
	at net.minecraft.server.v1_12_R1.MinecraftServer.D(MinecraftServer.java:739) [craftbukkit.jar:git-Bukkit-ed8c725]
	at net.minecraft.server.v1_12_R1.DedicatedServer.D(DedicatedServer.java:366) [craftbukkit.jar:git-Bukkit-ed8c725]
	at net.minecraft.server.v1_12_R1.MinecraftServer.C(MinecraftServer.java:650) [craftbukkit.jar:git-Bukkit-ed8c725]
	at net.minecraft.server.v1_12_R1.MinecraftServer.run(MinecraftServer.java:554) [craftbukkit.jar:git-Bukkit-ed8c725]
	at java.lang.Thread.run(Unknown Source) [?:1.8.0_421]
[17:40:40] [Netty Server IO #2/INFO]: <Fortcraft354> worldstate status[m
[17:40:47] [Server thread/WARN]: The save is being accessed from another location, aborting
[17:40:47] [Server thread/WARN]: The save is being accessed from another location, aborting
[17:40:47] [Server thread/WARN]: The save is being accessed from another location, aborting
[17:44:00] [Server thread/INFO]: [RaspberryJuice] Closed connection to/127.0.0.1:61647.
[17:44:00] [Server thread/INFO]: [RaspberryJuice] Closed connection to/127.0.0.1:61648.
[17:44:02] [Thread-5/INFO]: [RaspberryJuice] Opened connection to/127.0.0.1:61859.
[17:44:02] [Thread-65/INFO]: [RaspberryJuice] Starting input thread
[17:44:02] [Thread-66/INFO]: [RaspberryJuice] Starting output thread!
[17:44:02] [Thread-5/INFO]: [RaspberryJuice] Opened connection to/127.0.0.1:61860.
[17:44:02] [Thread-67/INFO]: [RaspberryJuice] Starting input thread
[17:44:02] [Thread-68/INFO]: [RaspberryJuice] Starting output thread!
[17:44:05] [Netty Server IO #2/INFO]: <Fortcraft354> worldstate start[m
[17:44:07] [Netty Server IO #2/INFO]: <Fortcraft354> builder set schem=importar[m
[17:44:09] [Netty Server IO #2/INFO]: <Fortcraft354> builder start[m
[17:44:11] [Netty Server IO #2/INFO]: <Fortcraft354> explorer set range=7 strategy=spiral[m
[17:44:13] [Netty Server IO #2/INFO]: <Fortcraft354> explorer start x=-480 z=-490[m
[17:44:48] [Netty Server IO #2/INFO]: <Fortcraft354> miner start[m
[17:44:52] [Server thread/ERROR]: Couldn't save chunk; already in use by another instance of Minecraft?
net.minecraft.server.v1_12_R1.ExceptionWorldConflict: The save is being accessed from another location, aborting
	at net.minecraft.server.v1_12_R1.WorldNBTStorage.checkSession(WorldNBTStorage.java:78) ~[craftbukkit.jar:git-Bukkit-ed8c725]
	at net.minecraft.server.v1_12_R1.World.checkSession(World.java:2692) ~[craftbukkit.jar:git-Bukkit-ed8c725]
	at net.minecraft.server.v1_12_R1.ChunkRegionLoader.a(ChunkRegionLoader.java:118) ~[craftbukkit.jar:git-Bukkit-ed8c725]
	at net.minecraft.server.v1_12_R1.ChunkProviderServer.saveChunk(ChunkProviderServer.java:207) [craftbukkit.jar:git-Bukkit-ed8c725]
	at net.minecraft.server.v1_12_R1.ChunkProviderServer.unloadChunk(ChunkProviderServer.java:299) [craftbukkit.jar:git-Bukkit-ed8c725]
	at net.minecraft.server.v1_12_R1.ChunkProviderServer.unloadChunks(ChunkProviderServer.java:257) [craftbukkit.jar:git-Bukkit-ed8c725]
	at net.minecraft.server.v1_12_R1.WorldServer.doTick(WorldServer.java:242) [craftbukkit.jar:git-Bukkit-ed8c725]
	at net.minecraft.server.v1_12_R1.MinecraftServer.D(MinecraftServer.java:739) [craftbukkit.jar:git-Bukkit-ed8c725]
	at net.minecraft.server.v1_12_R1.DedicatedServer.D(DedicatedServer.java:366) [craftbukkit.jar:git-Bukkit-ed8c725]
	at net.minecraft.server.v1_12_R1.MinecraftServer.C(MinecraftServer.java:650) [craftbukkit.jar:git-Bukkit-ed8c725]
	at net.minecraft.server.v1_12_R1.MinecraftServer.run(MinecraftServer.java:554) [craftbukkit.jar:git-Bukkit-ed8c725]
	at java.lang.Thread.run(Unknown Source) [?:1.8.0_421]
[17:44:52] [Server thread/ERROR]: Couldn't save chunk; already in use by another instance of Minecraft?
net.minecraft.server.v1_12_R1.ExceptionWorldConflict: The save is being accessed from another location, aborting
	at net.minecraft.server.v1_12_R1.WorldNBTStorage.checkSession(WorldNBTStorage.java:78) ~[craftbukkit.jar:git-Bukkit-ed8c725]
	at net.minecraft.server.v1_12_R1.World.checkSession(World.java:2692) ~[craftbukkit.jar:git-Bukkit-ed8c725]
	at net.minecraft.server.v1_12_R1.ChunkRegionLoader.a(ChunkRegionLoader.java:118) ~[craftbukkit.jar:git-Bukkit-ed8c725]
	at net.minecraft.server.v1_12_R1.ChunkProviderServer.saveChunk(ChunkProviderServer.java:207) [craftbukkit.jar:git-Bukkit-ed8c725]
	at net.minecraft.server.v1_12_R1.ChunkProviderServer.unloadChunk(ChunkProviderServer.java:299) [craftbukkit.jar:git-Bukkit-ed8c725]
	at net.minecraft.server.v1_12_R1.ChunkProviderServer.unloadChunks(ChunkProviderServer.java:257) [craftbukkit.jar:git-Bukkit-ed8c725]
	at net.minecraft.server.v1_12_R1.WorldServer.doTick(WorldServer.java:242) [craftbukkit.jar:git-Bukkit-ed8c725]
	at net.minecraft.server.v1_12_R1.MinecraftServer.D(MinecraftServer.java:739) [craftbukkit.jar:git-Bukkit-ed8c725]
	at net.minecraft.server.v1_12_R1.DedicatedServer.D(DedicatedServer.java:366) [craftbukkit.jar:git-Bukkit-ed8c725]
	at net.minecraft.server.v1_12_R1.MinecraftServer.C(MinecraftServer.java:650) [craftbukkit.jar:git-Bukkit-ed8c725]
	at net.minecraft.server.v1_12_R1.MinecraftServer.run(MinecraftServer.java:554) [craftbukkit.jar:git-Bukkit-ed8c725]
	at java.lang.Thread.run(Unknown Source) [?:1.8.0_421]
[17:44:52] [Server thread/ERROR]: Couldn't save chunk; already in use by another instance of Minecraft?
net.minecraft.server.v1_12_R1.ExceptionWorldConflict: The save is being accessed from another location, aborting
	at net.minecraft.server.v1_12_R1.WorldNBTStorage.checkSession(WorldNBTStorage.java:78) ~[craftbukkit.jar:git-Bukkit-ed8c725]
	at net.minecraft.server.v1_12_R1.World.checkSession(World.java:2692) ~[craftbukkit.jar:git-Bukkit-ed8c725]
	at net.minecraft.server.v1_12_R1.ChunkRegionLoader.a(ChunkRegionLoader.java:118) ~[craftbukkit.jar:git-Bukkit-ed8c725]
	at net.minecraft.server.v1_12_R1.ChunkProviderServer.saveChunk(ChunkProviderServer.java:207) [craftbukkit.jar:git-Bukkit-ed8c725]
	at net.minecraft.server.v1_12_R1.ChunkProviderServer.unloadChunk(ChunkProviderServer.java:299) [craftbukkit.jar:git-Bukkit-ed8c725]
	at net.minecraft.server.v1_12_R1.ChunkProviderServer.unloadChunks(ChunkProviderServer.java:257) [craftbukkit.jar:git-Bukkit-ed8c725]
	at net.minecraft.server.v1_12_R1.WorldServer.doTick(WorldServer.java:242) [craftbukkit.jar:git-Bukkit-ed8c725]
	at net.minecraft.server.v1_12_R1.MinecraftServer.D(MinecraftServer.java:739) [craftbukkit.jar:git-Bukkit-ed8c725]
	at net.minecraft.server.v1_12_R1.DedicatedServer.D(DedicatedServer.java:366) [craftbukkit.jar:git-Bukkit-ed8c725]
	at net.minecraft.server.v1_12_R1.MinecraftServer.C(MinecraftServer.java:650) [craftbukkit.jar:git-Bukkit-ed8c725]
	at net.minecraft.server.v1_12_R1.MinecraftServer.run(MinecraftServer.java:554) [craftbukkit.jar:git-Bukkit-ed8c725]
	at java.lang.Thread.run(Unknown Source) [?:1.8.0_421]
[17:45:22] [Server thread/ERROR]: Couldn't save chunk; already in use by another instance of Minecraft?
net.minecraft.server.v1_12_R1.ExceptionWorldConflict: The save is being accessed from another location, aborting
	at net.minecraft.server.v1_12_R1.WorldNBTStorage.checkSession(WorldNBTStorage.java:78) ~[craftbukkit.jar:git-Bukkit-ed8c725]
	at net.minecraft.server.v1_12_R1.World.checkSession(World.java:2692) ~[craftbukkit.jar:git-Bukkit-ed8c725]
	at net.minecraft.server.v1_12_R1.ChunkRegionLoader.a(ChunkRegionLoader.java:118) ~[craftbukkit.jar:git-Bukkit-ed8c725]
	at net.minecraft.server.v1_12_R1.ChunkProviderServer.saveChunk(ChunkProviderServer.java:207) [craftbukkit.jar:git-Bukkit-ed8c725]
	at net.minecraft.server.v1_12_R1.ChunkProviderServer.unloadChunk(ChunkProviderServer.java:299) [craftbukkit.jar:git-Bukkit-ed8c725]
	at net.minecraft.server.v1_12_R1.ChunkProviderServer.unloadChunks(ChunkProviderServer.java:257) [craftbukkit.jar:git-Bukkit-ed8c725]
	at net.minecraft.server.v1_12_R1.WorldServer.doTick(WorldServer.java:242) [craftbukkit.jar:git-Bukkit-ed8c725]
	at net.minecraft.server.v1_12_R1.MinecraftServer.D(MinecraftServer.java:739) [craftbukkit.jar:git-Bukkit-ed8c725]
	at net.minecraft.server.v1_12_R1.DedicatedServer.D(DedicatedServer.java:366) [craftbukkit.jar:git-Bukkit-ed8c725]
	at net.minecraft.server.v1_12_R1.MinecraftServer.C(MinecraftServer.java:650) [craftbukkit.jar:git-Bukkit-ed8c725]
	at net.minecraft.server.v1_12_R1.MinecraftServer.run(MinecraftServer.java:554) [craftbukkit.jar:git-Bukkit-ed8c725]
	at java.lang.Thread.run(Unknown Source) [?:1.8.0_421]
[17:45:22] [Server thread/ERROR]: Couldn't save chunk; already in use by another instance of Minecraft?
net.minecraft.server.v1_12_R1.ExceptionWorldConflict: The save is being accessed from another location, aborting
	at net.minecraft.server.v1_12_R1.WorldNBTStorage.checkSession(WorldNBTStorage.java:78) ~[craftbukkit.jar:git-Bukkit-ed8c725]
	at net.minecraft.server.v1_12_R1.World.checkSession(World.java:2692) ~[craftbukkit.jar:git-Bukkit-ed8c725]
	at net.minecraft.server.v1_12_R1.ChunkRegionLoader.a(ChunkRegionLoader.java:118) ~[craftbukkit.jar:git-Bukkit-ed8c725]
	at net.minecraft.server.v1_12_R1.ChunkProviderServer.saveChunk(ChunkProviderServer.java:207) [craftbukkit.jar:git-Bukkit-ed8c725]
	at net.minecraft.server.v1_12_R1.ChunkProviderServer.unloadChunk(ChunkProviderServer.java:299) [craftbukkit.jar:git-Bukkit-ed8c725]
	at net.minecraft.server.v1_12_R1.ChunkProviderServer.unloadChunks(ChunkProviderServer.java:257) [craftbukkit.jar:git-Bukkit-ed8c725]
	at net.minecraft.server.v1_12_R1.WorldServer.doTick(WorldServer.java:242) [craftbukkit.jar:git-Bukkit-ed8c725]
	at net.minecraft.server.v1_12_R1.MinecraftServer.D(MinecraftServer.java:739) [craftbukkit.jar:git-Bukkit-ed8c725]
	at net.minecraft.server.v1_12_R1.DedicatedServer.D(DedicatedServer.java:366) [craftbukkit.jar:git-Bukkit-ed8c725]
	at net.minecraft.server.v1_12_R1.MinecraftServer.C(MinecraftServer.java:650) [craftbukkit.jar:git-Bukkit-ed8c725]
	at net.minecraft.server.v1_12_R1.MinecraftServer.run(MinecraftServer.java:554) [craftbukkit.jar:git-Bukkit-ed8c725]
	at java.lang.Thread.run(Unknown Source) [?:1.8.0_421]
[17:45:22] [Server thread/ERROR]: Couldn't save chunk; already in use by another instance of Minecraft?
net.minecraft.server.v1_12_R1.ExceptionWorldConflict: The save is being accessed from another location, aborting
	at net.minecraft.server.v1_12_R1.WorldNBTStorage.checkSession(WorldNBTStorage.java:78) ~[craftbukkit.jar:git-Bukkit-ed8c725]
	at net.minecraft.server.v1_12_R1.World.checkSession(World.java:2692) ~[craftbukkit.jar:git-Bukkit-ed8c725]
	at net.minecraft.server.v1_12_R1.ChunkRegionLoader.a(ChunkRegionLoader.java:118) ~[craftbukkit.jar:git-Bukkit-ed8c725]
	at net.minecraft.server.v1_12_R1.ChunkProviderServer.saveChunk(ChunkProviderServer.java:207) [craftbukkit.jar:git-Bukkit-ed8c725]
	at net.minecraft.server.v1_12_R1.ChunkProviderServer.unloadChunk(ChunkProviderServer.java:299) [craftbukkit.jar:git-Bukkit-ed8c725]
	at net.minecraft.server.v1_12_R1.ChunkProviderServer.unloadChunks(ChunkProviderServer.java:257) [craftbukkit.jar:git-Bukkit-ed8c725]
	at net.minecraft.server.v1_12_R1.WorldServer.doTick(WorldServer.java:242) [craftbukkit.jar:git-Bukkit-ed8c725]
	at net.minecraft.server.v1_12_R1.MinecraftServer.D(MinecraftServer.java:739) [craftbukkit.jar:git-Bukkit-ed8c725]
	at net.minecraft.server.v1_12_R1.DedicatedServer.D(DedicatedServer.java:366) [craftbukkit.jar:git-Bukkit-ed8c725]
	at net.minecraft.server.v1_12_R1.MinecraftServer.C(MinecraftServer.java:650) [craftbukkit.jar:git-Bukkit-ed8c725]
	at net.minecraft.server.v1_12_R1.MinecraftServer.run(MinecraftServer.java:554) [craftbukkit.jar:git-Bukkit-ed8c725]
	at java.lang.Thread.run(Unknown Source) [?:1.8.0_421]
[17:45:22] [Server thread/ERROR]: Couldn't save chunk; already in use by another instance of Minecraft?
net.minecraft.server.v1_12_R1.ExceptionWorldConflict: The save is being accessed from another location, aborting
	at net.minecraft.server.v1_12_R1.WorldNBTStorage.checkSession(WorldNBTStorage.java:78) ~[craftbukkit.jar:git-Bukkit-ed8c725]
	at net.minecraft.server.v1_12_R1.World.checkSession(World.java:2692) ~[craftbukkit.jar:git-Bukkit-ed8c725]
	at net.minecraft.server.v1_12_R1.ChunkRegionLoader.a(ChunkRegionLoader.java:118) ~[craftbukkit.jar:git-Bukkit-ed8c725]
	at net.minecraft.server.v1_12_R1.ChunkProviderServer.saveChunk(ChunkProviderServer.java:207) [craftbukkit.jar:git-Bukkit-ed8c725]
	at net.minecraft.server.v1_12_R1.ChunkProviderServer.unloadChunk(ChunkProviderServer.java:299) [craftbukkit.jar:git-Bukkit-ed8c725]
	at net.minecraft.server.v1_12_R1.ChunkProviderServer.unloadChunks(ChunkProviderServer.java:257) [craftbukkit.jar:git-Bukkit-ed8c725]
	at net.minecraft.server.v1_12_R1.WorldServer.doTick(WorldServer.java:242) [craftbukkit.jar:git-Bukkit-ed8c725]
	at net.minecraft.server.v1_12_R1.MinecraftServer.D(MinecraftServer.java:739) [craftbukkit.jar:git-Bukkit-ed8c725]
	at net.minecraft.server.v1_12_R1.DedicatedServer.D(DedicatedServer.java:366) [craftbukkit.jar:git-Bukkit-ed8c725]
	at net.minecraft.server.v1_12_R1.MinecraftServer.C(MinecraftServer.java:650) [craftbukkit.jar:git-Bukkit-ed8c725]
	at net.minecraft.server.v1_12_R1.MinecraftServer.run(MinecraftServer.java:554) [craftbukkit.jar:git-Bukkit-ed8c725]
	at java.lang.Thread.run(Unknown Source) [?:1.8.0_421]
[17:45:47] [Server thread/WARN]: The save is being accessed from another location, aborting
[17:45:47] [Server thread/WARN]: The save is being accessed from another location, aborting
[17:45:47] [Server thread/WARN]: The save is being accessed from another location, aborting
[17:45:51] [Netty Server IO #2/INFO]: <Fortcraft354> worldstate status[m
[17:45:52] [Server thread/ERROR]: Couldn't save chunk; already in use by another instance of Minecraft?
net.minecraft.server.v1_12_R1.ExceptionWorldConflict: The save is being accessed from another location, aborting
	at net.minecraft.server.v1_12_R1.WorldNBTStorage.checkSession(WorldNBTStorage.java:78) ~[craftbukkit.jar:git-Bukkit-ed8c725]
	at net.minecraft.server.v1_12_R1.World.checkSession(World.java:2692) ~[craftbukkit.jar:git-Bukkit-ed8c725]
	at net.minecraft.server.v1_12_R1.ChunkRegionLoader.a(ChunkRegionLoader.java:118) ~[craftbukkit.jar:git-Bukkit-ed8c725]
	at net.minecraft.server.v1_12_R1.ChunkProviderServer.saveChunk(ChunkProviderServer.java:207) [craftbukkit.jar:git-Bukkit-ed8c725]
	at net.minecraft.server.v1_12_R1.ChunkProviderServer.unloadChunk(ChunkProviderServer.java:299) [craftbukkit.jar:git-Bukkit-ed8c725]
	at net.minecraft.server.v1_12_R1.ChunkProviderServer.unloadChunks(ChunkProviderServer.java:257) [craftbukkit.jar:git-Bukkit-ed8c725]
	at net.minecraft.server.v1_12_R1.WorldServer.doTick(WorldServer.java:242) [craftbukkit.jar:git-Bukkit-ed8c725]
	at net.minecraft.server.v1_12_R1.MinecraftServer.D(MinecraftServer.java:739) [craftbukkit.jar:git-Bukkit-ed8c725]
	at net.minecraft.server.v1_12_R1.DedicatedServer.D(DedicatedServer.java:366) [craftbukkit.jar:git-Bukkit-ed8c725]
	at net.minecraft.server.v1_12_R1.MinecraftServer.C(MinecraftServer.java:650) [craftbukkit.jar:git-Bukkit-ed8c725]
	at net.minecraft.server.v1_12_R1.MinecraftServer.run(MinecraftServer.java:554) [craftbukkit.jar:git-Bukkit-ed8c725]
	at java.lang.Thread.run(Unknown Source) [?:1.8.0_421]
[17:45:52] [Server thread/ERROR]: Couldn't save chunk; already in use by another instance of Minecraft?
net.minecraft.server.v1_12_R1.ExceptionWorldConflict: The save is being accessed from another location, aborting
	at net.minecraft.server.v1_12_R1.WorldNBTStorage.checkSession(WorldNBTStorage.java:78) ~[craftbukkit.jar:git-Bukkit-ed8c725]
	at net.minecraft.server.v1_12_R1.World.checkSession(World.java:2692) ~[craftbukkit.jar:git-Bukkit-ed8c725]
	at net.minecraft.server.v1_12_R1.ChunkRegionLoader.a(ChunkRegionLoader.java:118) ~[craftbukkit.jar:git-Bukkit-ed8c725]
	at net.minecraft.server.v1_12_R1.ChunkProviderServer.saveChunk(ChunkProviderServer.java:207) [craftbukkit.jar:git-Bukkit-ed8c725]
	at net.minecraft.server.v1_12_R1.ChunkProviderServer.unloadChunk(ChunkProviderServer.java:299) [craftbukkit.jar:git-Bukkit-ed8c725]
	at net.minecraft.server.v1_12_R1.ChunkProviderServer.unloadChunks(ChunkProviderServer.java:257) [craftbukkit.jar:git-Bukkit-ed8c725]
	at net.minecraft.server.v1_12_R1.WorldServer.doTick(WorldServer.java:242) [craftbukkit.jar:git-Bukkit-ed8c725]
	at net.minecraft.server.v1_12_R1.MinecraftServer.D(MinecraftServer.java:739) [craftbukkit.jar:git-Bukkit-ed8c725]
	at net.minecraft.server.v1_12_R1.DedicatedServer.D(DedicatedServer.java:366) [craftbukkit.jar:git-Bukkit-ed8c725]
	at net.minecraft.server.v1_12_R1.MinecraftServer.C(MinecraftServer.java:650) [craftbukkit.jar:git-Bukkit-ed8c725]
	at net.minecraft.server.v1_12_R1.MinecraftServer.run(MinecraftServer.java:554) [craftbukkit.jar:git-Bukkit-ed8c725]
	at java.lang.Thread.run(Unknown Source) [?:1.8.0_421]
[17:45:52] [Server thread/ERROR]: Couldn't save chunk; already in use by another instance of Minecraft?
net.minecraft.server.v1_12_R1.ExceptionWorldConflict: The save is being accessed from another location, aborting
	at net.minecraft.server.v1_12_R1.WorldNBTStorage.checkSession(WorldNBTStorage.java:78) ~[craftbukkit.jar:git-Bukkit-ed8c725]
	at net.minecraft.server.v1_12_R1.World.checkSession(World.java:2692) ~[craftbukkit.jar:git-Bukkit-ed8c725]
	at net.minecraft.server.v1_12_R1.ChunkRegionLoader.a(ChunkRegionLoader.java:118) ~[craftbukkit.jar:git-Bukkit-ed8c725]
	at net.minecraft.server.v1_12_R1.ChunkProviderServer.saveChunk(ChunkProviderServer.java:207) [craftbukkit.jar:git-Bukkit-ed8c725]
	at net.minecraft.server.v1_12_R1.ChunkProviderServer.unloadChunk(ChunkProviderServer.java:299) [craftbukkit.jar:git-Bukkit-ed8c725]
	at net.minecraft.server.v1_12_R1.ChunkProviderServer.unloadChunks(ChunkProviderServer.java:257) [craftbukkit.jar:git-Bukkit-ed8c725]
	at net.minecraft.server.v1_12_R1.WorldServer.doTick(WorldServer.java:242) [craftbukkit.jar:git-Bukkit-ed8c725]
	at net.minecraft.server.v1_12_R1.MinecraftServer.D(MinecraftServer.java:739) [craftbukkit.jar:git-Bukkit-ed8c725]
	at net.minecraft.server.v1_12_R1.DedicatedServer.D(DedicatedServer.java:366) [craftbukkit.jar:git-Bukkit-ed8c725]
	at net.minecraft.server.v1_12_R1.MinecraftServer.C(MinecraftServer.java:650) [craftbukkit.jar:git-Bukkit-ed8c725]
	at net.minecraft.server.v1_12_R1.MinecraftServer.run(MinecraftServer.java:554) [craftbukkit.jar:git-Bukkit-ed8c725]
	at java.lang.Thread.run(Unknown Source) [?:1.8.0_421]
[17:45:52] [Server thread/ERROR]: Couldn't save chunk; already in use by another instance of Minecraft?
net.minecraft.server.v1_12_R1.ExceptionWorldConflict: The save is being accessed from another location, aborting
	at net.minecraft.server.v1_12_R1.WorldNBTStorage.checkSession(WorldNBTStorage.java:78) ~[craftbukkit.jar:git-Bukkit-ed8c725]
	at net.minecraft.server.v1_12_R1.World.checkSession(World.java:2692) ~[craftbukkit.jar:git-Bukkit-ed8c725]
	at net.minecraft.server.v1_12_R1.ChunkRegionLoader.a(ChunkRegionLoader.java:118) ~[craftbukkit.jar:git-Bukkit-ed8c725]
	at net.minecraft.server.v1_12_R1.ChunkProviderServer.saveChunk(ChunkProviderServer.java:207) [craftbukkit.jar:git-Bukkit-ed8c725]
	at net.minecraft.server.v1_12_R1.ChunkProviderServer.unloadChunk(ChunkProviderServer.java:299) [craftbukkit.jar:git-Bukkit-ed8c725]
	at net.minecraft.server.v1_12_R1.ChunkProviderServer.unloadChunks(ChunkProviderServer.java:257) [craftbukkit.jar:git-Bukkit-ed8c725]
	at net.minecraft.server.v1_12_R1.WorldServer.doTick(WorldServer.java:242) [craftbukkit.jar:git-Bukkit-ed8c725]
	at net.minecraft.server.v1_12_R1.MinecraftServer.D(MinecraftServer.java:739) [craftbukkit.jar:git-Bukkit-ed8c725]
	at net.minecraft.server.v1_12_R1.DedicatedServer.D(DedicatedServer.java:366) [craftbukkit.jar:git-Bukkit-ed8c725]
	at net.minecraft.server.v1_12_R1.MinecraftServer.C(MinecraftServer.java:650) [craftbukkit.jar:git-Bukkit-ed8c725]
	at net.minecraft.server.v1_12_R1.MinecraftServer.run(MinecraftServer.java:554) [craftbukkit.jar:git-Bukkit-ed8c725]
	at java.lang.Thread.run(Unknown Source) [?:1.8.0_421]
